,Member Rating.1,Opens,Bounce Type,campaign_id,Total Recipients,Successful Deliveries,Soft Bounces,Hard Bounces,Total Bounces,Unnamed: 0.1,email_id
0,4.0,1.0,sent,7.0,199,183,5,11,16,630,630
1,2.0,1.0,sent,7.0,199,183,5,11,16,1348,1348
2,3.0,3.0,sent,7.0,199,183,5,11,16,653,653
3,4.0,4.0,sent,7.0,199,183,5,11,16,1100,1100
4,3.0,2.0,sent,7.0,199,183,5,11,16,175,175
5,3.0,1.0,sent,7.0,199,183,5,11,16,277,277
6,4.0,1.0,sent,7.0,199,183,5,11,16,1175,1175
7,4.0,1.0,sent,7.0,199,183,5,11,16,1547,1547
8,3.0,1.0,sent,7.0,199,183,5,11,16,585,585
9,4.0,2.0,sent,7.0,199,183,5,11,16,1471,1471
10,4.0,2.0,sent,7.0,199,183,5,11,16,861,861
11,3.0,1.0,sent,7.0,199,183,5,11,16,825,825
12,3.0,1.0,sent,7.0,199,183,5,11,16,1440,1440
13,4.0,1.0,sent,7.0,199,183,5,11,16,625,625
14,2.0,0.0,sent,7.0,199,183,5,11,16,993,993
15,2.0,0.0,sent,7.0,199,183,5,11,16,862,862
16,2.0,0.0,sent,7.0,199,183,5,11,16,1444,1444
17,2.0,0.0,sent,7.0,199,183,5,11,16,626,626
18,3.0,0.0,sent,7.0,199,183,5,11,16,1488,1488
19,2.0,0.0,sent,7.0,199,183,5,11,16,1241,1241
20,2.0,0.0,sent,7.0,199,183,5,11,16,571,571
21,2.0,0.0,sent,7.0,199,183,5,11,16,1491,1491
22,2.0,0.0,sent,7.0,199,183,5,11,16,1376,1376
23,2.0,0.0,sent,7.0,199,183,5,11,16,854,854
24,2.0,0.0,sent,7.0,199,183,5,11,16,66,66
25,2.0,0.0,sent,7.0,199,183,5,11,16,1433,1433
26,2.0,0.0,sent,7.0,199,183,5,11,16,32,32
27,2.0,0.0,sent,7.0,199,183,5,11,16,1734,1734
28,2.0,0.0,sent,7.0,199,183,5,11,16,751,751
29,2.0,0.0,sent,7.0,199,183,5,11,16,442,442
30,2.0,0.0,sent,7.0,199,183,5,11,16,25,25
31,2.0,0.0,sent,7.0,199,183,5,11,16,949,949
32,2.0,0.0,sent,7.0,199,183,5,11,16,562,562
33,2.0,0.0,sent,7.0,199,183,5,11,16,1015,1015
34,2.0,0.0,sent,7.0,199,183,5,11,16,761,761
35,2.0,0.0,sent,7.0,199,183,5,11,16,54,54
36,2.0,0.0,sent,7.0,199,183,5,11,16,462,462
37,2.0,0.0,sent,7.0,199,183,5,11,16,492,492
38,2.0,0.0,sent,7.0,199,183,5,11,16,1696,1696
39,2.0,0.0,sent,7.0,199,183,5,11,16,232,232
40,2.0,0.0,sent,7.0,199,183,5,11,16,1776,1776
41,2.0,0.0,sent,7.0,199,183,5,11,16,126,126
42,2.0,0.0,sent,7.0,199,183,5,11,16,979,979
43,2.0,0.0,sent,7.0,199,183,5,11,16,1059,1059
44,2.0,0.0,sent,7.0,199,183,5,11,16,170,170
45,2.0,0.0,sent,7.0,199,183,5,11,16,601,601
46,2.0,0.0,sent,7.0,199,183,5,11,16,945,945
47,2.0,0.0,sent,7.0,199,183,5,11,16,840,840
48,2.0,0.0,sent,7.0,199,183,5,11,16,152,152
49,2.0,0.0,sent,7.0,199,183,5,11,16,120,120
50,2.0,0.0,sent,7.0,199,183,5,11,16,234,234
51,2.0,0.0,sent,7.0,199,183,5,11,16,1746,1746
52,2.0,0.0,sent,7.0,199,183,5,11,16,1204,1204
53,2.0,0.0,sent,7.0,199,183,5,11,16,1763,1763
54,2.0,0.0,sent,7.0,199,183,5,11,16,513,513
55,3.0,0.0,sent,7.0,199,183,5,11,16,150,150
56,3.0,0.0,sent,7.0,199,183,5,11,16,1009,1009
57,2.0,0.0,sent,7.0,199,183,5,11,16,343,343
58,2.0,0.0,sent,7.0,199,183,5,11,16,1183,1183
59,2.0,0.0,sent,7.0,199,183,5,11,16,894,894
60,2.0,0.0,sent,7.0,199,183,5,11,16,1535,1535
61,2.0,0.0,sent,7.0,199,183,5,11,16,215,215
62,2.0,0.0,sent,7.0,199,183,5,11,16,719,719
63,2.0,0.0,sent,7.0,199,183,5,11,16,309,309
64,2.0,0.0,sent,7.0,199,183,5,11,16,1780,1780
65,2.0,0.0,sent,7.0,199,183,5,11,16,638,638
66,2.0,0.0,sent,7.0,199,183,5,11,16,211,211
67,2.0,0.0,sent,7.0,199,183,5,11,16,523,523
68,2.0,0.0,sent,7.0,199,183,5,11,16,1252,1252
69,2.0,0.0,sent,7.0,199,183,5,11,16,773,773
70,2.0,0.0,sent,7.0,199,183,5,11,16,1068,1068
71,2.0,0.0,sent,7.0,199,183,5,11,16,786,786
72,2.0,0.0,sent,7.0,199,183,5,11,16,781,781
73,3.0,0.0,sent,7.0,199,183,5,11,16,50,50
74,2.0,0.0,sent,7.0,199,183,5,11,16,755,755
75,2.0,0.0,sent,7.0,199,183,5,11,16,649,649
76,2.0,0.0,sent,7.0,199,183,5,11,16,1327,1327
77,2.0,0.0,sent,7.0,199,183,5,11,16,286,286
78,2.0,0.0,sent,7.0,199,183,5,11,16,796,796
79,2.0,0.0,sent,7.0,199,183,5,11,16,1572,1572
80,2.0,0.0,sent,7.0,199,183,5,11,16,298,298
81,2.0,0.0,sent,7.0,199,183,5,11,16,790,790
82,2.0,0.0,sent,7.0,199,183,5,11,16,546,546
83,2.0,0.0,sent,7.0,199,183,5,11,16,1709,1709
84,2.0,0.0,sent,7.0,199,183,5,11,16,570,570
85,2.0,0.0,sent,7.0,199,183,5,11,16,67,67
86,2.0,0.0,sent,7.0,199,183,5,11,16,338,338
87,2.0,0.0,sent,7.0,199,183,5,11,16,1624,1624
88,2.0,0.0,sent,7.0,199,183,5,11,16,158,158
89,2.0,0.0,sent,7.0,199,183,5,11,16,41,41
90,2.0,0.0,sent,7.0,199,183,5,11,16,1238,1238
91,2.0,0.0,sent,7.0,199,183,5,11,16,905,905
92,2.0,0.0,sent,7.0,199,183,5,11,16,1253,1253
93,2.0,0.0,sent,7.0,199,183,5,11,16,1511,1511
94,2.0,0.0,sent,7.0,199,183,5,11,16,1711,1711
95,2.0,0.0,sent,7.0,199,183,5,11,16,489,489
96,2.0,0.0,sent,7.0,199,183,5,11,16,1152,1152
97,2.0,0.0,sent,7.0,199,183,5,11,16,1736,1736
98,2.0,0.0,sent,7.0,199,183,5,11,16,1699,1699
99,2.0,0.0,sent,7.0,199,183,5,11,16,1490,1490
100,2.0,0.0,sent,7.0,199,183,5,11,16,101,101
101,3.0,0.0,sent,7.0,199,183,5,11,16,340,340
102,2.0,0.0,sent,7.0,199,183,5,11,16,320,320
103,2.0,0.0,sent,7.0,199,183,5,11,16,73,73
104,2.0,0.0,sent,7.0,199,183,5,11,16,1041,1041
105,2.0,0.0,sent,7.0,199,183,5,11,16,1167,1167
106,2.0,0.0,sent,7.0,199,183,5,11,16,1114,1114
107,2.0,0.0,sent,7.0,199,183,5,11,16,1368,1368
108,3.0,0.0,sent,7.0,199,183,5,11,16,1588,1588
109,2.0,0.0,sent,7.0,199,183,5,11,16,508,508
110,2.0,0.0,sent,7.0,199,183,5,11,16,963,963
111,2.0,0.0,sent,7.0,199,183,5,11,16,760,760
112,2.0,0.0,sent,7.0,199,183,5,11,16,1310,1310
113,2.0,0.0,sent,7.0,199,183,5,11,16,1386,1386
114,2.0,0.0,sent,7.0,199,183,5,11,16,1139,1139
115,2.0,0.0,sent,7.0,199,183,5,11,16,1010,1010
116,2.0,0.0,sent,7.0,199,183,5,11,16,1018,1018
117,2.0,0.0,sent,7.0,199,183,5,11,16,701,701
118,2.0,0.0,sent,7.0,199,183,5,11,16,743,743
119,2.0,0.0,sent,7.0,199,183,5,11,16,1388,1388
120,2.0,0.0,sent,7.0,199,183,5,11,16,487,487
121,3.0,0.0,sent,7.0,199,183,5,11,16,550,550
122,2.0,0.0,sent,7.0,199,183,5,11,16,1437,1437
123,2.0,0.0,sent,7.0,199,183,5,11,16,91,91
124,2.0,0.0,sent,7.0,199,183,5,11,16,942,942
125,2.0,0.0,sent,7.0,199,183,5,11,16,1275,1275
126,2.0,0.0,sent,7.0,199,183,5,11,16,1476,1476
127,2.0,0.0,sent,7.0,199,183,5,11,16,1545,1545
128,2.0,0.0,sent,7.0,199,183,5,11,16,1233,1233
129,2.0,0.0,sent,7.0,199,183,5,11,16,1306,1306
130,2.0,0.0,sent,7.0,199,183,5,11,16,1465,1465
131,2.0,0.0,sent,7.0,199,183,5,11,16,1514,1514
132,3.0,0.0,sent,7.0,199,183,5,11,16,396,396
133,2.0,0.0,sent,7.0,199,183,5,11,16,378,378
134,2.0,0.0,sent,7.0,199,183,5,11,16,779,779
135,2.0,0.0,sent,7.0,199,183,5,11,16,1567,1567
136,2.0,0.0,sent,7.0,199,183,5,11,16,1313,1313
137,2.0,0.0,sent,7.0,199,183,5,11,16,1422,1422
138,2.0,0.0,sent,7.0,199,183,5,11,16,1064,1064
139,2.0,0.0,sent,7.0,199,183,5,11,16,1292,1292
140,2.0,0.0,sent,7.0,199,183,5,11,16,10,10
141,3.0,0.0,sent,7.0,199,183,5,11,16,111,111
142,2.0,0.0,sent,7.0,199,183,5,11,16,879,879
143,2.0,0.0,sent,7.0,199,183,5,11,16,287,287
144,2.0,0.0,sent,7.0,199,183,5,11,16,548,548
145,2.0,0.0,sent,7.0,199,183,5,11,16,864,864
146,3.0,0.0,sent,7.0,199,183,5,11,16,686,686
147,2.0,0.0,sent,7.0,199,183,5,11,16,1789,1789
148,2.0,0.0,sent,7.0,199,183,5,11,16,512,512
149,3.0,0.0,sent,7.0,199,183,5,11,16,1124,1124
150,2.0,0.0,sent,7.0,199,183,5,11,16,166,166
151,2.0,0.0,sent,7.0,199,183,5,11,16,913,913
152,2.0,0.0,sent,7.0,199,183,5,11,16,943,943
153,3.0,0.0,sent,7.0,199,183,5,11,16,1385,1385
154,2.0,0.0,sent,7.0,199,183,5,11,16,746,746
155,2.0,0.0,sent,7.0,199,183,5,11,16,1617,1617
156,2.0,0.0,sent,7.0,199,183,5,11,16,425,425
157,2.0,0.0,sent,7.0,199,183,5,11,16,868,868
158,2.0,0.0,sent,7.0,199,183,5,11,16,202,202
159,2.0,0.0,sent,7.0,199,183,5,11,16,863,863
160,2.0,0.0,sent,7.0,199,183,5,11,16,265,265
161,2.0,0.0,sent,7.0,199,183,5,11,16,247,247
162,2.0,0.0,sent,7.0,199,183,5,11,16,924,924
163,2.0,0.0,sent,7.0,199,183,5,11,16,251,251
164,2.0,0.0,sent,7.0,199,183,5,11,16,12,12
165,2.0,0.0,sent,7.0,199,183,5,11,16,1744,1744
166,2.0,0.0,sent,7.0,199,183,5,11,16,599,599
167,2.0,0.0,sent,7.0,199,183,5,11,16,703,703
168,2.0,0.0,sent,7.0,199,183,5,11,16,505,505
169,2.0,0.0,sent,7.0,199,183,5,11,16,385,385
170,3.0,0.0,sent,7.0,199,183,5,11,16,569,569
171,2.0,0.0,sent,7.0,199,183,5,11,16,475,475
172,3.0,0.0,sent,7.0,199,183,5,11,16,806,806
173,2.0,0.0,sent,7.0,199,183,5,11,16,1271,1271
174,2.0,0.0,sent,7.0,199,183,5,11,16,1403,1403
175,2.0,0.0,sent,7.0,199,183,5,11,16,180,180
176,2.0,0.0,sent,7.0,199,183,5,11,16,1066,1066
177,2.0,0.0,sent,7.0,199,183,5,11,16,225,225
178,2.0,0.0,sent,7.0,199,183,5,11,16,923,923
179,2.0,0.0,sent,7.0,199,183,5,11,16,1397,1397
180,3.0,0.0,sent,7.0,199,183,5,11,16,1706,1706
181,2.0,0.0,sent,7.0,199,183,5,11,16,739,739
182,2.0,0.0,sent,7.0,199,183,5,11,16,273,273
183,1.0,0.0,soft,7.0,199,183,5,11,16,1702,1702
184,1.0,0.0,hard,7.0,199,183,5,11,16,1364,1364
185,1.0,0.0,soft,7.0,199,183,5,11,16,1329,1329
186,1.0,0.0,soft,7.0,199,183,5,11,16,1311,1311
187,1.0,0.0,soft,7.0,199,183,5,11,16,1366,1366
188,1.0,0.0,soft,7.0,199,183,5,11,16,14,14
189,1.0,0.0,hard,7.0,199,183,5,11,16,1723,1723
190,1.0,0.0,hard,7.0,199,183,5,11,16,1317,1317
191,1.0,0.0,hard,7.0,199,183,5,11,16,1700,1700
192,,0.0,,,,,,,,0,0
193,,0.0,,,,,,,,1,1
194,,0.0,,,,,,,,2,2
195,,0.0,,,,,,,,3,3
196,,0.0,,,,,,,,4,4
197,,0.0,,,,,,,,5,5
198,,0.0,,,,,,,,6,6
199,,0.0,,,,,,,,7,7
200,,0.0,,,,,,,,8,8
201,,0.0,,,,,,,,9,9
202,,0.0,,,,,,,,11,11
203,,0.0,,,,,,,,13,13
204,,0.0,,,,,,,,15,15
205,,0.0,,,,,,,,16,16
206,,0.0,,,,,,,,17,17
207,,0.0,,,,,,,,18,18
208,,0.0,,,,,,,,19,19
209,,0.0,,,,,,,,20,20
210,,0.0,,,,,,,,21,21
211,,0.0,,,,,,,,22,22
212,,0.0,,,,,,,,23,23
213,,0.0,,,,,,,,24,24
214,,0.0,,,,,,,,26,26
215,,0.0,,,,,,,,27,27
216,,0.0,,,,,,,,28,28
217,,0.0,,,,,,,,29,29
218,,0.0,,,,,,,,30,30
219,,0.0,,,,,,,,31,31
220,,0.0,,,,,,,,33,33
221,,0.0,,,,,,,,34,34
222,,0.0,,,,,,,,35,35
223,,0.0,,,,,,,,36,36
224,,0.0,,,,,,,,37,37
225,,0.0,,,,,,,,38,38
226,,0.0,,,,,,,,39,39
227,,0.0,,,,,,,,40,40
228,,0.0,,,,,,,,42,42
229,,0.0,,,,,,,,43,43
230,,0.0,,,,,,,,44,44
231,,0.0,,,,,,,,45,45
232,,0.0,,,,,,,,46,46
233,,0.0,,,,,,,,47,47
234,,0.0,,,,,,,,48,48
235,,0.0,,,,,,,,49,49
236,,0.0,,,,,,,,51,51
237,,0.0,,,,,,,,52,52
238,,0.0,,,,,,,,53,53
239,,0.0,,,,,,,,55,55
240,,0.0,,,,,,,,56,56
241,,0.0,,,,,,,,57,57
242,,0.0,,,,,,,,58,58
243,,0.0,,,,,,,,59,59
244,,0.0,,,,,,,,60,60
245,,0.0,,,,,,,,61,61
246,,0.0,,,,,,,,62,62
247,,0.0,,,,,,,,63,63
248,,0.0,,,,,,,,64,64
249,,0.0,,,,,,,,65,65
250,,0.0,,,,,,,,68,68
251,,0.0,,,,,,,,69,69
252,,0.0,,,,,,,,70,70
253,,0.0,,,,,,,,71,71
254,,0.0,,,,,,,,72,72
255,,0.0,,,,,,,,74,74
256,,0.0,,,,,,,,75,75
257,,0.0,,,,,,,,76,76
258,,0.0,,,,,,,,77,77
259,,0.0,,,,,,,,78,78
260,,0.0,,,,,,,,79,79
261,,0.0,,,,,,,,80,80
262,,0.0,,,,,,,,81,81
263,,0.0,,,,,,,,82,82
264,,0.0,,,,,,,,83,83
265,,0.0,,,,,,,,84,84
266,,0.0,,,,,,,,85,85
267,,0.0,,,,,,,,86,86
268,,0.0,,,,,,,,87,87
269,,0.0,,,,,,,,88,88
270,,0.0,,,,,,,,89,89
271,,0.0,,,,,,,,90,90
272,,0.0,,,,,,,,92,92
273,,0.0,,,,,,,,93,93
274,,0.0,,,,,,,,94,94
275,,0.0,,,,,,,,95,95
276,,0.0,,,,,,,,96,96
277,,0.0,,,,,,,,97,97
278,,0.0,,,,,,,,98,98
279,,0.0,,,,,,,,99,99
280,,0.0,,,,,,,,100,100
281,,0.0,,,,,,,,102,102
282,,0.0,,,,,,,,103,103
283,,0.0,,,,,,,,104,104
284,,0.0,,,,,,,,105,105
285,,0.0,,,,,,,,106,106
286,,0.0,,,,,,,,107,107
287,,0.0,,,,,,,,108,108
288,,0.0,,,,,,,,109,109
289,,0.0,,,,,,,,110,110
290,,0.0,,,,,,,,112,112
291,,0.0,,,,,,,,113,113
292,,0.0,,,,,,,,114,114
293,,0.0,,,,,,,,115,115
294,,0.0,,,,,,,,116,116
295,,0.0,,,,,,,,117,117
296,,0.0,,,,,,,,118,118
297,,0.0,,,,,,,,119,119
298,,0.0,,,,,,,,121,121
299,,0.0,,,,,,,,122,122
300,,0.0,,,,,,,,123,123
301,,0.0,,,,,,,,124,124
302,,0.0,,,,,,,,125,125
303,,0.0,,,,,,,,127,127
304,,0.0,,,,,,,,128,128
305,,0.0,,,,,,,,129,129
306,,0.0,,,,,,,,130,130
307,,0.0,,,,,,,,131,131
308,,0.0,,,,,,,,132,132
309,,0.0,,,,,,,,133,133
310,,0.0,,,,,,,,134,134
311,,0.0,,,,,,,,135,135
312,,0.0,,,,,,,,136,136
313,,0.0,,,,,,,,137,137
314,,0.0,,,,,,,,138,138
315,,0.0,,,,,,,,139,139
316,,0.0,,,,,,,,140,140
317,,0.0,,,,,,,,141,141
318,,0.0,,,,,,,,142,142
319,,0.0,,,,,,,,143,143
320,,0.0,,,,,,,,144,144
321,,0.0,,,,,,,,145,145
322,,0.0,,,,,,,,146,146
323,,0.0,,,,,,,,147,147
324,,0.0,,,,,,,,148,148
325,,0.0,,,,,,,,149,149
326,,0.0,,,,,,,,151,151
327,,0.0,,,,,,,,153,153
328,,0.0,,,,,,,,154,154
329,,0.0,,,,,,,,155,155
330,,0.0,,,,,,,,156,156
331,,0.0,,,,,,,,157,157
332,,0.0,,,,,,,,159,159
333,,0.0,,,,,,,,160,160
334,,0.0,,,,,,,,161,161
335,,0.0,,,,,,,,162,162
336,,0.0,,,,,,,,163,163
337,,0.0,,,,,,,,164,164
338,,0.0,,,,,,,,165,165
339,,0.0,,,,,,,,167,167
340,,0.0,,,,,,,,168,168
341,,0.0,,,,,,,,169,169
342,,0.0,,,,,,,,171,171
343,,0.0,,,,,,,,172,172
344,,0.0,,,,,,,,173,173
345,,0.0,,,,,,,,174,174
346,,0.0,,,,,,,,176,176
347,,0.0,,,,,,,,177,177
348,,0.0,,,,,,,,178,178
349,,0.0,,,,,,,,179,179
350,,0.0,,,,,,,,181,181
351,,0.0,,,,,,,,182,182
352,,0.0,,,,,,,,183,183
353,,0.0,,,,,,,,184,184
354,,0.0,,,,,,,,185,185
355,,0.0,,,,,,,,186,186
356,,0.0,,,,,,,,187,187
357,,0.0,,,,,,,,188,188
358,,0.0,,,,,,,,189,189
359,,0.0,,,,,,,,190,190
360,,0.0,,,,,,,,191,191
361,,0.0,,,,,,,,192,192
362,,0.0,,,,,,,,193,193
363,,0.0,,,,,,,,194,194
364,,0.0,,,,,,,,195,195
365,,0.0,,,,,,,,196,196
366,,0.0,,,,,,,,197,197
367,,0.0,,,,,,,,198,198
368,,0.0,,,,,,,,199,199
369,,0.0,,,,,,,,200,200
370,,0.0,,,,,,,,201,201
371,,0.0,,,,,,,,203,203
372,,0.0,,,,,,,,204,204
373,,0.0,,,,,,,,205,205
374,,0.0,,,,,,,,206,206
375,,0.0,,,,,,,,207,207
376,,0.0,,,,,,,,208,208
377,,0.0,,,,,,,,209,209
378,,0.0,,,,,,,,210,210
379,,0.0,,,,,,,,212,212
380,,0.0,,,,,,,,213,213
381,,0.0,,,,,,,,214,214
382,,0.0,,,,,,,,216,216
383,,0.0,,,,,,,,217,217
384,,0.0,,,,,,,,218,218
385,,0.0,,,,,,,,219,219
386,,0.0,,,,,,,,220,220
387,,0.0,,,,,,,,221,221
388,,0.0,,,,,,,,222,222
389,,0.0,,,,,,,,223,223
390,,0.0,,,,,,,,224,224
391,,0.0,,,,,,,,226,226
392,,0.0,,,,,,,,227,227
393,,0.0,,,,,,,,228,228
394,,0.0,,,,,,,,229,229
395,,0.0,,,,,,,,230,230
396,,0.0,,,,,,,,231,231
397,,0.0,,,,,,,,233,233
398,,0.0,,,,,,,,235,235
399,,0.0,,,,,,,,236,236
400,,0.0,,,,,,,,237,237
401,,0.0,,,,,,,,238,238
402,,0.0,,,,,,,,239,239
403,,0.0,,,,,,,,240,240
404,,0.0,,,,,,,,241,241
405,,0.0,,,,,,,,242,242
406,,0.0,,,,,,,,243,243
407,,0.0,,,,,,,,244,244
408,,0.0,,,,,,,,245,245
409,,0.0,,,,,,,,246,246
410,,0.0,,,,,,,,248,248
411,,0.0,,,,,,,,249,249
412,,0.0,,,,,,,,250,250
413,,0.0,,,,,,,,252,252
414,,0.0,,,,,,,,253,253
415,,0.0,,,,,,,,254,254
416,,0.0,,,,,,,,255,255
417,,0.0,,,,,,,,256,256
418,,0.0,,,,,,,,257,257
419,,0.0,,,,,,,,258,258
420,,0.0,,,,,,,,259,259
421,,0.0,,,,,,,,260,260
422,,0.0,,,,,,,,261,261
423,,0.0,,,,,,,,262,262
424,,0.0,,,,,,,,263,263
425,,0.0,,,,,,,,264,264
426,,0.0,,,,,,,,266,266
427,,0.0,,,,,,,,267,267
428,,0.0,,,,,,,,268,268
429,,0.0,,,,,,,,269,269
430,,0.0,,,,,,,,270,270
431,,0.0,,,,,,,,271,271
432,,0.0,,,,,,,,272,272
433,,0.0,,,,,,,,274,274
434,,0.0,,,,,,,,275,275
435,,0.0,,,,,,,,276,276
436,,0.0,,,,,,,,278,278
437,,0.0,,,,,,,,279,279
438,,0.0,,,,,,,,280,280
439,,0.0,,,,,,,,281,281
440,,0.0,,,,,,,,282,282
441,,0.0,,,,,,,,283,283
442,,0.0,,,,,,,,284,284
443,,0.0,,,,,,,,285,285
444,,0.0,,,,,,,,288,288
445,,0.0,,,,,,,,289,289
446,,0.0,,,,,,,,290,290
447,,0.0,,,,,,,,291,291
448,,0.0,,,,,,,,292,292
449,,0.0,,,,,,,,293,293
450,,0.0,,,,,,,,294,294
451,,0.0,,,,,,,,295,295
452,,0.0,,,,,,,,296,296
453,,0.0,,,,,,,,297,297
454,,0.0,,,,,,,,299,299
455,,0.0,,,,,,,,300,300
456,,0.0,,,,,,,,301,301
457,,0.0,,,,,,,,302,302
458,,0.0,,,,,,,,303,303
459,,0.0,,,,,,,,304,304
460,,0.0,,,,,,,,305,305
461,,0.0,,,,,,,,306,306
462,,0.0,,,,,,,,307,307
463,,0.0,,,,,,,,308,308
464,,0.0,,,,,,,,310,310
465,,0.0,,,,,,,,311,311
466,,0.0,,,,,,,,312,312
467,,0.0,,,,,,,,313,313
468,,0.0,,,,,,,,314,314
469,,0.0,,,,,,,,315,315
470,,0.0,,,,,,,,316,316
471,,0.0,,,,,,,,317,317
472,,0.0,,,,,,,,318,318
473,,0.0,,,,,,,,319,319
474,,0.0,,,,,,,,321,321
475,,0.0,,,,,,,,322,322
476,,0.0,,,,,,,,323,323
477,,0.0,,,,,,,,324,324
478,,0.0,,,,,,,,325,325
479,,0.0,,,,,,,,326,326
480,,0.0,,,,,,,,327,327
481,,0.0,,,,,,,,328,328
482,,0.0,,,,,,,,329,329
483,,0.0,,,,,,,,330,330
484,,0.0,,,,,,,,331,331
485,,0.0,,,,,,,,332,332
486,,0.0,,,,,,,,333,333
487,,0.0,,,,,,,,334,334
488,,0.0,,,,,,,,335,335
489,,0.0,,,,,,,,336,336
490,,0.0,,,,,,,,337,337
491,,0.0,,,,,,,,339,339
492,,0.0,,,,,,,,341,341
493,,0.0,,,,,,,,342,342
494,,0.0,,,,,,,,344,344
495,,0.0,,,,,,,,345,345
496,,0.0,,,,,,,,346,346
497,,0.0,,,,,,,,347,347
498,,0.0,,,,,,,,348,348
499,,0.0,,,,,,,,349,349
500,,0.0,,,,,,,,350,350
501,,0.0,,,,,,,,351,351
502,,0.0,,,,,,,,352,352
503,,0.0,,,,,,,,353,353
504,,0.0,,,,,,,,354,354
505,,0.0,,,,,,,,355,355
506,,0.0,,,,,,,,356,356
507,,0.0,,,,,,,,357,357
508,,0.0,,,,,,,,358,358
509,,0.0,,,,,,,,359,359
510,,0.0,,,,,,,,360,360
511,,0.0,,,,,,,,361,361
512,,0.0,,,,,,,,362,362
513,,0.0,,,,,,,,363,363
514,,0.0,,,,,,,,364,364
515,,0.0,,,,,,,,365,365
516,,0.0,,,,,,,,366,366
517,,0.0,,,,,,,,367,367
518,,0.0,,,,,,,,368,368
519,,0.0,,,,,,,,369,369
520,,0.0,,,,,,,,370,370
521,,0.0,,,,,,,,371,371
522,,0.0,,,,,,,,372,372
523,,0.0,,,,,,,,373,373
524,,0.0,,,,,,,,374,374
525,,0.0,,,,,,,,375,375
526,,0.0,,,,,,,,376,376
527,,0.0,,,,,,,,377,377
528,,0.0,,,,,,,,379,379
529,,0.0,,,,,,,,380,380
530,,0.0,,,,,,,,381,381
531,,0.0,,,,,,,,382,382
532,,0.0,,,,,,,,383,383
533,,0.0,,,,,,,,384,384
534,,0.0,,,,,,,,386,386
535,,0.0,,,,,,,,387,387
536,,0.0,,,,,,,,388,388
537,,0.0,,,,,,,,389,389
538,,0.0,,,,,,,,390,390
539,,0.0,,,,,,,,391,391
540,,0.0,,,,,,,,392,392
541,,0.0,,,,,,,,393,393
542,,0.0,,,,,,,,394,394
543,,0.0,,,,,,,,395,395
544,,0.0,,,,,,,,397,397
545,,0.0,,,,,,,,398,398
546,,0.0,,,,,,,,399,399
547,,0.0,,,,,,,,400,400
548,,0.0,,,,,,,,401,401
549,,0.0,,,,,,,,402,402
550,,0.0,,,,,,,,403,403
551,,0.0,,,,,,,,404,404
552,,0.0,,,,,,,,405,405
553,,0.0,,,,,,,,406,406
554,,0.0,,,,,,,,407,407
555,,0.0,,,,,,,,408,408
556,,0.0,,,,,,,,409,409
557,,0.0,,,,,,,,410,410
558,,0.0,,,,,,,,411,411
559,,0.0,,,,,,,,412,412
560,,0.0,,,,,,,,413,413
561,,0.0,,,,,,,,414,414
562,,0.0,,,,,,,,415,415
563,,0.0,,,,,,,,416,416
564,,0.0,,,,,,,,417,417
565,,0.0,,,,,,,,418,418
566,,0.0,,,,,,,,419,419
567,,0.0,,,,,,,,420,420
568,,0.0,,,,,,,,421,421
569,,0.0,,,,,,,,422,422
570,,0.0,,,,,,,,423,423
571,,0.0,,,,,,,,424,424
572,,0.0,,,,,,,,426,426
573,,0.0,,,,,,,,427,427
574,,0.0,,,,,,,,428,428
575,,0.0,,,,,,,,429,429
576,,0.0,,,,,,,,430,430
577,,0.0,,,,,,,,431,431
578,,0.0,,,,,,,,432,432
579,,0.0,,,,,,,,433,433
580,,0.0,,,,,,,,434,434
581,,0.0,,,,,,,,435,435
582,,0.0,,,,,,,,436,436
583,,0.0,,,,,,,,437,437
584,,0.0,,,,,,,,438,438
585,,0.0,,,,,,,,439,439
586,,0.0,,,,,,,,440,440
587,,0.0,,,,,,,,441,441
588,,0.0,,,,,,,,443,443
589,,0.0,,,,,,,,444,444
590,,0.0,,,,,,,,445,445
591,,0.0,,,,,,,,446,446
592,,0.0,,,,,,,,447,447
593,,0.0,,,,,,,,448,448
594,,0.0,,,,,,,,449,449
595,,0.0,,,,,,,,450,450
596,,0.0,,,,,,,,451,451
597,,0.0,,,,,,,,452,452
598,,0.0,,,,,,,,453,453
599,,0.0,,,,,,,,454,454
600,,0.0,,,,,,,,455,455
601,,0.0,,,,,,,,456,456
602,,0.0,,,,,,,,457,457
603,,0.0,,,,,,,,458,458
604,,0.0,,,,,,,,459,459
605,,0.0,,,,,,,,460,460
606,,0.0,,,,,,,,461,461
607,,0.0,,,,,,,,463,463
608,,0.0,,,,,,,,464,464
609,,0.0,,,,,,,,465,465
610,,0.0,,,,,,,,466,466
611,,0.0,,,,,,,,467,467
612,,0.0,,,,,,,,468,468
613,,0.0,,,,,,,,469,469
614,,0.0,,,,,,,,470,470
615,,0.0,,,,,,,,471,471
616,,0.0,,,,,,,,472,472
617,,0.0,,,,,,,,473,473
618,,0.0,,,,,,,,474,474
619,,0.0,,,,,,,,476,476
620,,0.0,,,,,,,,477,477
621,,0.0,,,,,,,,478,478
622,,0.0,,,,,,,,479,479
623,,0.0,,,,,,,,480,480
624,,0.0,,,,,,,,481,481
625,,0.0,,,,,,,,482,482
626,,0.0,,,,,,,,483,483
627,,0.0,,,,,,,,484,484
628,,0.0,,,,,,,,485,485
629,,0.0,,,,,,,,486,486
630,,0.0,,,,,,,,488,488
631,,0.0,,,,,,,,490,490
632,,0.0,,,,,,,,491,491
633,,0.0,,,,,,,,493,493
634,,0.0,,,,,,,,494,494
635,,0.0,,,,,,,,495,495
636,,0.0,,,,,,,,496,496
637,,0.0,,,,,,,,497,497
638,,0.0,,,,,,,,498,498
639,,0.0,,,,,,,,499,499
640,,0.0,,,,,,,,500,500
641,,0.0,,,,,,,,501,501
642,,0.0,,,,,,,,502,502
643,,0.0,,,,,,,,503,503
644,,0.0,,,,,,,,504,504
645,,0.0,,,,,,,,506,506
646,,0.0,,,,,,,,507,507
647,,0.0,,,,,,,,509,509
648,,0.0,,,,,,,,510,510
649,,0.0,,,,,,,,511,511
650,,0.0,,,,,,,,514,514
651,,0.0,,,,,,,,515,515
652,,0.0,,,,,,,,516,516
653,,0.0,,,,,,,,517,517
654,,0.0,,,,,,,,518,518
655,,0.0,,,,,,,,519,519
656,,0.0,,,,,,,,520,520
657,,0.0,,,,,,,,521,521
658,,0.0,,,,,,,,522,522
659,,0.0,,,,,,,,524,524
660,,0.0,,,,,,,,525,525
661,,0.0,,,,,,,,526,526
662,,0.0,,,,,,,,527,527
663,,0.0,,,,,,,,528,528
664,,0.0,,,,,,,,529,529
665,,0.0,,,,,,,,530,530
666,,0.0,,,,,,,,531,531
667,,0.0,,,,,,,,532,532
668,,0.0,,,,,,,,533,533
669,,0.0,,,,,,,,534,534
670,,0.0,,,,,,,,535,535
671,,0.0,,,,,,,,536,536
672,,0.0,,,,,,,,537,537
673,,0.0,,,,,,,,538,538
674,,0.0,,,,,,,,539,539
675,,0.0,,,,,,,,540,540
676,,0.0,,,,,,,,541,541
677,,0.0,,,,,,,,542,542
678,,0.0,,,,,,,,543,543
679,,0.0,,,,,,,,544,544
680,,0.0,,,,,,,,545,545
681,,0.0,,,,,,,,547,547
682,,0.0,,,,,,,,549,549
683,,0.0,,,,,,,,551,551
684,,0.0,,,,,,,,552,552
685,,0.0,,,,,,,,553,553
686,,0.0,,,,,,,,554,554
687,,0.0,,,,,,,,555,555
688,,0.0,,,,,,,,556,556
689,,0.0,,,,,,,,557,557
690,,0.0,,,,,,,,558,558
691,,0.0,,,,,,,,559,559
692,,0.0,,,,,,,,560,560
693,,0.0,,,,,,,,561,561
694,,0.0,,,,,,,,563,563
695,,0.0,,,,,,,,564,564
696,,0.0,,,,,,,,565,565
697,,0.0,,,,,,,,566,566
698,,0.0,,,,,,,,567,567
699,,0.0,,,,,,,,568,568
700,,0.0,,,,,,,,572,572
701,,0.0,,,,,,,,573,573
702,,0.0,,,,,,,,574,574
703,,0.0,,,,,,,,575,575
704,,0.0,,,,,,,,576,576
705,,0.0,,,,,,,,577,577
706,,0.0,,,,,,,,578,578
707,,0.0,,,,,,,,579,579
708,,0.0,,,,,,,,580,580
709,,0.0,,,,,,,,581,581
710,,0.0,,,,,,,,582,582
711,,0.0,,,,,,,,583,583
712,,0.0,,,,,,,,584,584
713,,0.0,,,,,,,,586,586
714,,0.0,,,,,,,,587,587
715,,0.0,,,,,,,,588,588
716,,0.0,,,,,,,,589,589
717,,0.0,,,,,,,,590,590
718,,0.0,,,,,,,,591,591
719,,0.0,,,,,,,,592,592
720,,0.0,,,,,,,,593,593
721,,0.0,,,,,,,,594,594
722,,0.0,,,,,,,,595,595
723,,0.0,,,,,,,,596,596
724,,0.0,,,,,,,,597,597
725,,0.0,,,,,,,,598,598
726,,0.0,,,,,,,,600,600
727,,0.0,,,,,,,,602,602
728,,0.0,,,,,,,,603,603
729,,0.0,,,,,,,,604,604
730,,0.0,,,,,,,,605,605
731,,0.0,,,,,,,,606,606
732,,0.0,,,,,,,,607,607
733,,0.0,,,,,,,,608,608
734,,0.0,,,,,,,,609,609
735,,0.0,,,,,,,,610,610
736,,0.0,,,,,,,,611,611
737,,0.0,,,,,,,,612,612
738,,0.0,,,,,,,,613,613
739,,0.0,,,,,,,,614,614
740,,0.0,,,,,,,,615,615
741,,0.0,,,,,,,,616,616
742,,0.0,,,,,,,,617,617
743,,0.0,,,,,,,,618,618
744,,0.0,,,,,,,,619,619
745,,0.0,,,,,,,,620,620
746,,0.0,,,,,,,,621,621
747,,0.0,,,,,,,,622,622
748,,0.0,,,,,,,,623,623
749,,0.0,,,,,,,,624,624
750,,0.0,,,,,,,,627,627
751,,0.0,,,,,,,,628,628
752,,0.0,,,,,,,,629,629
753,,0.0,,,,,,,,631,631
754,,0.0,,,,,,,,632,632
755,,0.0,,,,,,,,633,633
756,,0.0,,,,,,,,634,634
757,,0.0,,,,,,,,635,635
758,,0.0,,,,,,,,636,636
759,,0.0,,,,,,,,637,637
760,,0.0,,,,,,,,639,639
761,,0.0,,,,,,,,640,640
762,,0.0,,,,,,,,641,641
763,,0.0,,,,,,,,642,642
764,,0.0,,,,,,,,643,643
765,,0.0,,,,,,,,644,644
766,,0.0,,,,,,,,645,645
767,,0.0,,,,,,,,646,646
768,,0.0,,,,,,,,647,647
769,,0.0,,,,,,,,648,648
770,,0.0,,,,,,,,650,650
771,,0.0,,,,,,,,651,651
772,,0.0,,,,,,,,652,652
773,,0.0,,,,,,,,654,654
774,,0.0,,,,,,,,655,655
775,,0.0,,,,,,,,656,656
776,,0.0,,,,,,,,657,657
777,,0.0,,,,,,,,658,658
778,,0.0,,,,,,,,659,659
779,,0.0,,,,,,,,660,660
780,,0.0,,,,,,,,661,661
781,,0.0,,,,,,,,662,662
782,,0.0,,,,,,,,663,663
783,,0.0,,,,,,,,664,664
784,,0.0,,,,,,,,665,665
785,,0.0,,,,,,,,666,666
786,,0.0,,,,,,,,667,667
787,,0.0,,,,,,,,668,668
788,,0.0,,,,,,,,669,669
789,,0.0,,,,,,,,670,670
790,,0.0,,,,,,,,671,671
791,,0.0,,,,,,,,672,672
792,,0.0,,,,,,,,673,673
793,,0.0,,,,,,,,674,674
794,,0.0,,,,,,,,675,675
795,,0.0,,,,,,,,676,676
796,,0.0,,,,,,,,677,677
797,,0.0,,,,,,,,678,678
798,,0.0,,,,,,,,679,679
799,,0.0,,,,,,,,680,680
800,,0.0,,,,,,,,681,681
801,,0.0,,,,,,,,682,682
802,,0.0,,,,,,,,683,683
803,,0.0,,,,,,,,684,684
804,,0.0,,,,,,,,685,685
805,,0.0,,,,,,,,687,687
806,,0.0,,,,,,,,688,688
807,,0.0,,,,,,,,689,689
808,,0.0,,,,,,,,690,690
809,,0.0,,,,,,,,691,691
810,,0.0,,,,,,,,692,692
811,,0.0,,,,,,,,693,693
812,,0.0,,,,,,,,694,694
813,,0.0,,,,,,,,695,695
814,,0.0,,,,,,,,696,696
815,,0.0,,,,,,,,697,697
816,,0.0,,,,,,,,698,698
817,,0.0,,,,,,,,699,699
818,,0.0,,,,,,,,700,700
819,,0.0,,,,,,,,702,702
820,,0.0,,,,,,,,704,704
821,,0.0,,,,,,,,705,705
822,,0.0,,,,,,,,706,706
823,,0.0,,,,,,,,707,707
824,,0.0,,,,,,,,708,708
825,,0.0,,,,,,,,709,709
826,,0.0,,,,,,,,710,710
827,,0.0,,,,,,,,711,711
828,,0.0,,,,,,,,712,712
829,,0.0,,,,,,,,713,713
830,,0.0,,,,,,,,714,714
831,,0.0,,,,,,,,715,715
832,,0.0,,,,,,,,716,716
833,,0.0,,,,,,,,717,717
834,,0.0,,,,,,,,718,718
835,,0.0,,,,,,,,720,720
836,,0.0,,,,,,,,721,721
837,,0.0,,,,,,,,722,722
838,,0.0,,,,,,,,723,723
839,,0.0,,,,,,,,724,724
840,,0.0,,,,,,,,725,725
841,,0.0,,,,,,,,726,726
842,,0.0,,,,,,,,727,727
843,,0.0,,,,,,,,728,728
844,,0.0,,,,,,,,729,729
845,,0.0,,,,,,,,730,730
846,,0.0,,,,,,,,731,731
847,,0.0,,,,,,,,732,732
848,,0.0,,,,,,,,733,733
849,,0.0,,,,,,,,734,734
850,,0.0,,,,,,,,735,735
851,,0.0,,,,,,,,736,736
852,,0.0,,,,,,,,737,737
853,,0.0,,,,,,,,738,738
854,,0.0,,,,,,,,740,740
855,,0.0,,,,,,,,741,741
856,,0.0,,,,,,,,742,742
857,,0.0,,,,,,,,744,744
858,,0.0,,,,,,,,745,745
859,,0.0,,,,,,,,747,747
860,,0.0,,,,,,,,748,748
861,,0.0,,,,,,,,749,749
862,,0.0,,,,,,,,750,750
863,,0.0,,,,,,,,752,752
864,,0.0,,,,,,,,753,753
865,,0.0,,,,,,,,754,754
866,,0.0,,,,,,,,756,756
867,,0.0,,,,,,,,757,757
868,,0.0,,,,,,,,758,758
869,,0.0,,,,,,,,759,759
870,,0.0,,,,,,,,762,762
871,,0.0,,,,,,,,763,763
872,,0.0,,,,,,,,764,764
873,,0.0,,,,,,,,765,765
874,,0.0,,,,,,,,766,766
875,,0.0,,,,,,,,767,767
876,,0.0,,,,,,,,768,768
877,,0.0,,,,,,,,769,769
878,,0.0,,,,,,,,770,770
879,,0.0,,,,,,,,771,771
880,,0.0,,,,,,,,772,772
881,,0.0,,,,,,,,774,774
882,,0.0,,,,,,,,775,775
883,,0.0,,,,,,,,776,776
884,,0.0,,,,,,,,777,777
885,,0.0,,,,,,,,778,778
886,,0.0,,,,,,,,780,780
887,,0.0,,,,,,,,782,782
888,,0.0,,,,,,,,783,783
889,,0.0,,,,,,,,784,784
890,,0.0,,,,,,,,785,785
891,,0.0,,,,,,,,787,787
892,,0.0,,,,,,,,788,788
893,,0.0,,,,,,,,789,789
894,,0.0,,,,,,,,791,791
895,,0.0,,,,,,,,792,792
896,,0.0,,,,,,,,793,793
897,,0.0,,,,,,,,794,794
898,,0.0,,,,,,,,795,795
899,,0.0,,,,,,,,797,797
900,,0.0,,,,,,,,798,798
901,,0.0,,,,,,,,799,799
902,,0.0,,,,,,,,800,800
903,,0.0,,,,,,,,801,801
904,,0.0,,,,,,,,802,802
905,,0.0,,,,,,,,803,803
906,,0.0,,,,,,,,804,804
907,,0.0,,,,,,,,805,805
908,,0.0,,,,,,,,807,807
909,,0.0,,,,,,,,808,808
910,,0.0,,,,,,,,809,809
911,,0.0,,,,,,,,810,810
912,,0.0,,,,,,,,811,811
913,,0.0,,,,,,,,812,812
914,,0.0,,,,,,,,813,813
915,,0.0,,,,,,,,814,814
916,,0.0,,,,,,,,815,815
917,,0.0,,,,,,,,816,816
918,,0.0,,,,,,,,817,817
919,,0.0,,,,,,,,818,818
920,,0.0,,,,,,,,819,819
921,,0.0,,,,,,,,820,820
922,,0.0,,,,,,,,821,821
923,,0.0,,,,,,,,822,822
924,,0.0,,,,,,,,823,823
925,,0.0,,,,,,,,824,824
926,,0.0,,,,,,,,826,826
927,,0.0,,,,,,,,827,827
928,,0.0,,,,,,,,828,828
929,,0.0,,,,,,,,829,829
930,,0.0,,,,,,,,830,830
931,,0.0,,,,,,,,831,831
932,,0.0,,,,,,,,832,832
933,,0.0,,,,,,,,833,833
934,,0.0,,,,,,,,834,834
935,,0.0,,,,,,,,835,835
936,,0.0,,,,,,,,836,836
937,,0.0,,,,,,,,837,837
938,,0.0,,,,,,,,838,838
939,,0.0,,,,,,,,839,839
940,,0.0,,,,,,,,841,841
941,,0.0,,,,,,,,842,842
942,,0.0,,,,,,,,843,843
943,,0.0,,,,,,,,844,844
944,,0.0,,,,,,,,845,845
945,,0.0,,,,,,,,846,846
946,,0.0,,,,,,,,847,847
947,,0.0,,,,,,,,848,848
948,,0.0,,,,,,,,849,849
949,,0.0,,,,,,,,850,850
950,,0.0,,,,,,,,851,851
951,,0.0,,,,,,,,852,852
952,,0.0,,,,,,,,853,853
953,,0.0,,,,,,,,855,855
954,,0.0,,,,,,,,856,856
955,,0.0,,,,,,,,857,857
956,,0.0,,,,,,,,858,858
957,,0.0,,,,,,,,859,859
958,,0.0,,,,,,,,860,860
959,,0.0,,,,,,,,865,865
960,,0.0,,,,,,,,866,866
961,,0.0,,,,,,,,867,867
962,,0.0,,,,,,,,869,869
963,,0.0,,,,,,,,870,870
964,,0.0,,,,,,,,871,871
965,,0.0,,,,,,,,872,872
966,,0.0,,,,,,,,873,873
967,,0.0,,,,,,,,874,874
968,,0.0,,,,,,,,875,875
969,,0.0,,,,,,,,876,876
970,,0.0,,,,,,,,877,877
971,,0.0,,,,,,,,878,878
972,,0.0,,,,,,,,880,880
973,,0.0,,,,,,,,881,881
974,,0.0,,,,,,,,882,882
975,,0.0,,,,,,,,883,883
976,,0.0,,,,,,,,884,884
977,,0.0,,,,,,,,885,885
978,,0.0,,,,,,,,886,886
979,,0.0,,,,,,,,887,887
980,,0.0,,,,,,,,888,888
981,,0.0,,,,,,,,889,889
982,,0.0,,,,,,,,890,890
983,,0.0,,,,,,,,891,891
984,,0.0,,,,,,,,892,892
985,,0.0,,,,,,,,893,893
986,,0.0,,,,,,,,895,895
987,,0.0,,,,,,,,896,896
988,,0.0,,,,,,,,897,897
989,,0.0,,,,,,,,898,898
990,,0.0,,,,,,,,899,899
991,,0.0,,,,,,,,900,900
992,,0.0,,,,,,,,901,901
993,,0.0,,,,,,,,902,902
994,,0.0,,,,,,,,903,903
995,,0.0,,,,,,,,904,904
996,,0.0,,,,,,,,906,906
997,,0.0,,,,,,,,907,907
998,,0.0,,,,,,,,908,908
999,,0.0,,,,,,,,909,909
1000,,0.0,,,,,,,,910,910
1001,,0.0,,,,,,,,911,911
1002,,0.0,,,,,,,,912,912
1003,,0.0,,,,,,,,914,914
1004,,0.0,,,,,,,,915,915
1005,,0.0,,,,,,,,916,916
1006,,0.0,,,,,,,,917,917
1007,,0.0,,,,,,,,918,918
1008,,0.0,,,,,,,,919,919
1009,,0.0,,,,,,,,920,920
1010,,0.0,,,,,,,,921,921
1011,,0.0,,,,,,,,922,922
1012,,0.0,,,,,,,,925,925
1013,,0.0,,,,,,,,926,926
1014,,0.0,,,,,,,,927,927
1015,,0.0,,,,,,,,928,928
1016,,0.0,,,,,,,,929,929
1017,,0.0,,,,,,,,930,930
1018,,0.0,,,,,,,,931,931
1019,,0.0,,,,,,,,932,932
1020,,0.0,,,,,,,,933,933
1021,,0.0,,,,,,,,934,934
1022,,0.0,,,,,,,,935,935
1023,,0.0,,,,,,,,936,936
1024,,0.0,,,,,,,,937,937
1025,,0.0,,,,,,,,938,938
1026,,0.0,,,,,,,,939,939
1027,,0.0,,,,,,,,940,940
1028,,0.0,,,,,,,,941,941
1029,,0.0,,,,,,,,944,944
1030,,0.0,,,,,,,,946,946
1031,,0.0,,,,,,,,947,947
1032,,0.0,,,,,,,,948,948
1033,,0.0,,,,,,,,950,950
1034,,0.0,,,,,,,,951,951
1035,,0.0,,,,,,,,952,952
1036,,0.0,,,,,,,,953,953
1037,,0.0,,,,,,,,954,954
1038,,0.0,,,,,,,,955,955
1039,,0.0,,,,,,,,956,956
1040,,0.0,,,,,,,,957,957
1041,,0.0,,,,,,,,958,958
1042,,0.0,,,,,,,,959,959
1043,,0.0,,,,,,,,960,960
1044,,0.0,,,,,,,,961,961
1045,,0.0,,,,,,,,962,962
1046,,0.0,,,,,,,,964,964
1047,,0.0,,,,,,,,965,965
1048,,0.0,,,,,,,,966,966
1049,,0.0,,,,,,,,967,967
1050,,0.0,,,,,,,,968,968
1051,,0.0,,,,,,,,969,969
1052,,0.0,,,,,,,,970,970
1053,,0.0,,,,,,,,971,971
1054,,0.0,,,,,,,,972,972
1055,,0.0,,,,,,,,973,973
1056,,0.0,,,,,,,,974,974
1057,,0.0,,,,,,,,975,975
1058,,0.0,,,,,,,,976,976
1059,,0.0,,,,,,,,977,977
1060,,0.0,,,,,,,,978,978
1061,,0.0,,,,,,,,980,980
1062,,0.0,,,,,,,,981,981
1063,,0.0,,,,,,,,982,982
1064,,0.0,,,,,,,,983,983
1065,,0.0,,,,,,,,984,984
1066,,0.0,,,,,,,,985,985
1067,,0.0,,,,,,,,986,986
1068,,0.0,,,,,,,,987,987
1069,,0.0,,,,,,,,988,988
1070,,0.0,,,,,,,,989,989
1071,,0.0,,,,,,,,990,990
1072,,0.0,,,,,,,,991,991
1073,,0.0,,,,,,,,992,992
1074,,0.0,,,,,,,,994,994
1075,,0.0,,,,,,,,995,995
1076,,0.0,,,,,,,,996,996
1077,,0.0,,,,,,,,997,997
1078,,0.0,,,,,,,,998,998
1079,,0.0,,,,,,,,999,999
1080,,0.0,,,,,,,,1000,1000
1081,,0.0,,,,,,,,1001,1001
1082,,0.0,,,,,,,,1002,1002
1083,,0.0,,,,,,,,1003,1003
1084,,0.0,,,,,,,,1004,1004
1085,,0.0,,,,,,,,1005,1005
1086,,0.0,,,,,,,,1006,1006
1087,,0.0,,,,,,,,1007,1007
1088,,0.0,,,,,,,,1008,1008
1089,,0.0,,,,,,,,1011,1011
1090,,0.0,,,,,,,,1012,1012
1091,,0.0,,,,,,,,1013,1013
1092,,0.0,,,,,,,,1014,1014
1093,,0.0,,,,,,,,1016,1016
1094,,0.0,,,,,,,,1017,1017
1095,,0.0,,,,,,,,1019,1019
1096,,0.0,,,,,,,,1020,1020
1097,,0.0,,,,,,,,1021,1021
1098,,0.0,,,,,,,,1022,1022
1099,,0.0,,,,,,,,1023,1023
1100,,0.0,,,,,,,,1024,1024
1101,,0.0,,,,,,,,1025,1025
1102,,0.0,,,,,,,,1026,1026
1103,,0.0,,,,,,,,1027,1027
1104,,0.0,,,,,,,,1028,1028
1105,,0.0,,,,,,,,1029,1029
1106,,0.0,,,,,,,,1030,1030
1107,,0.0,,,,,,,,1031,1031
1108,,0.0,,,,,,,,1032,1032
1109,,0.0,,,,,,,,1033,1033
1110,,0.0,,,,,,,,1034,1034
1111,,0.0,,,,,,,,1035,1035
1112,,0.0,,,,,,,,1036,1036
1113,,0.0,,,,,,,,1037,1037
1114,,0.0,,,,,,,,1038,1038
1115,,0.0,,,,,,,,1039,1039
1116,,0.0,,,,,,,,1040,1040
1117,,0.0,,,,,,,,1042,1042
1118,,0.0,,,,,,,,1043,1043
1119,,0.0,,,,,,,,1044,1044
1120,,0.0,,,,,,,,1045,1045
1121,,0.0,,,,,,,,1046,1046
1122,,0.0,,,,,,,,1047,1047
1123,,0.0,,,,,,,,1048,1048
1124,,0.0,,,,,,,,1049,1049
1125,,0.0,,,,,,,,1050,1050
1126,,0.0,,,,,,,,1051,1051
1127,,0.0,,,,,,,,1052,1052
1128,,0.0,,,,,,,,1053,1053
1129,,0.0,,,,,,,,1054,1054
1130,,0.0,,,,,,,,1055,1055
1131,,0.0,,,,,,,,1056,1056
1132,,0.0,,,,,,,,1057,1057
1133,,0.0,,,,,,,,1058,1058
1134,,0.0,,,,,,,,1060,1060
1135,,0.0,,,,,,,,1061,1061
1136,,0.0,,,,,,,,1062,1062
1137,,0.0,,,,,,,,1063,1063
1138,,0.0,,,,,,,,1065,1065
1139,,0.0,,,,,,,,1067,1067
1140,,0.0,,,,,,,,1069,1069
1141,,0.0,,,,,,,,1070,1070
1142,,0.0,,,,,,,,1071,1071
1143,,0.0,,,,,,,,1072,1072
1144,,0.0,,,,,,,,1073,1073
1145,,0.0,,,,,,,,1074,1074
1146,,0.0,,,,,,,,1075,1075
1147,,0.0,,,,,,,,1076,1076
1148,,0.0,,,,,,,,1077,1077
1149,,0.0,,,,,,,,1078,1078
1150,,0.0,,,,,,,,1079,1079
1151,,0.0,,,,,,,,1080,1080
1152,,0.0,,,,,,,,1081,1081
1153,,0.0,,,,,,,,1082,1082
1154,,0.0,,,,,,,,1083,1083
1155,,0.0,,,,,,,,1084,1084
1156,,0.0,,,,,,,,1085,1085
1157,,0.0,,,,,,,,1086,1086
1158,,0.0,,,,,,,,1087,1087
1159,,0.0,,,,,,,,1088,1088
1160,,0.0,,,,,,,,1089,1089
1161,,0.0,,,,,,,,1090,1090
1162,,0.0,,,,,,,,1091,1091
1163,,0.0,,,,,,,,1092,1092
1164,,0.0,,,,,,,,1093,1093
1165,,0.0,,,,,,,,1094,1094
1166,,0.0,,,,,,,,1095,1095
1167,,0.0,,,,,,,,1096,1096
1168,,0.0,,,,,,,,1097,1097
1169,,0.0,,,,,,,,1098,1098
1170,,0.0,,,,,,,,1099,1099
1171,,0.0,,,,,,,,1101,1101
1172,,0.0,,,,,,,,1102,1102
1173,,0.0,,,,,,,,1103,1103
1174,,0.0,,,,,,,,1104,1104
1175,,0.0,,,,,,,,1105,1105
1176,,0.0,,,,,,,,1106,1106
1177,,0.0,,,,,,,,1107,1107
1178,,0.0,,,,,,,,1108,1108
1179,,0.0,,,,,,,,1109,1109
1180,,0.0,,,,,,,,1110,1110
1181,,0.0,,,,,,,,1111,1111
1182,,0.0,,,,,,,,1112,1112
1183,,0.0,,,,,,,,1113,1113
1184,,0.0,,,,,,,,1115,1115
1185,,0.0,,,,,,,,1116,1116
1186,,0.0,,,,,,,,1117,1117
1187,,0.0,,,,,,,,1118,1118
1188,,0.0,,,,,,,,1119,1119
1189,,0.0,,,,,,,,1120,1120
1190,,0.0,,,,,,,,1121,1121
1191,,0.0,,,,,,,,1122,1122
1192,,0.0,,,,,,,,1123,1123
1193,,0.0,,,,,,,,1125,1125
1194,,0.0,,,,,,,,1126,1126
1195,,0.0,,,,,,,,1127,1127
1196,,0.0,,,,,,,,1128,1128
1197,,0.0,,,,,,,,1129,1129
1198,,0.0,,,,,,,,1130,1130
1199,,0.0,,,,,,,,1131,1131
1200,,0.0,,,,,,,,1132,1132
1201,,0.0,,,,,,,,1133,1133
1202,,0.0,,,,,,,,1134,1134
1203,,0.0,,,,,,,,1135,1135
1204,,0.0,,,,,,,,1136,1136
1205,,0.0,,,,,,,,1137,1137
1206,,0.0,,,,,,,,1138,1138
1207,,0.0,,,,,,,,1140,1140
1208,,0.0,,,,,,,,1141,1141
1209,,0.0,,,,,,,,1142,1142
1210,,0.0,,,,,,,,1143,1143
1211,,0.0,,,,,,,,1144,1144
1212,,0.0,,,,,,,,1145,1145
1213,,0.0,,,,,,,,1146,1146
1214,,0.0,,,,,,,,1147,1147
1215,,0.0,,,,,,,,1148,1148
1216,,0.0,,,,,,,,1149,1149
1217,,0.0,,,,,,,,1150,1150
1218,,0.0,,,,,,,,1151,1151
1219,,0.0,,,,,,,,1153,1153
1220,,0.0,,,,,,,,1154,1154
1221,,0.0,,,,,,,,1155,1155
1222,,0.0,,,,,,,,1156,1156
1223,,0.0,,,,,,,,1157,1157
1224,,0.0,,,,,,,,1158,1158
1225,,0.0,,,,,,,,1159,1159
1226,,0.0,,,,,,,,1160,1160
1227,,0.0,,,,,,,,1161,1161
1228,,0.0,,,,,,,,1162,1162
1229,,0.0,,,,,,,,1163,1163
1230,,0.0,,,,,,,,1164,1164
1231,,0.0,,,,,,,,1165,1165
1232,,0.0,,,,,,,,1166,1166
1233,,0.0,,,,,,,,1168,1168
1234,,0.0,,,,,,,,1169,1169
1235,,0.0,,,,,,,,1170,1170
1236,,0.0,,,,,,,,1171,1171
1237,,0.0,,,,,,,,1172,1172
1238,,0.0,,,,,,,,1173,1173
1239,,0.0,,,,,,,,1174,1174
1240,,0.0,,,,,,,,1176,1176
1241,,0.0,,,,,,,,1177,1177
1242,,0.0,,,,,,,,1178,1178
1243,,0.0,,,,,,,,1179,1179
1244,,0.0,,,,,,,,1180,1180
1245,,0.0,,,,,,,,1181,1181
1246,,0.0,,,,,,,,1182,1182
1247,,0.0,,,,,,,,1184,1184
1248,,0.0,,,,,,,,1185,1185
1249,,0.0,,,,,,,,1186,1186
1250,,0.0,,,,,,,,1187,1187
1251,,0.0,,,,,,,,1188,1188
1252,,0.0,,,,,,,,1189,1189
1253,,0.0,,,,,,,,1190,1190
1254,,0.0,,,,,,,,1191,1191
1255,,0.0,,,,,,,,1192,1192
1256,,0.0,,,,,,,,1193,1193
1257,,0.0,,,,,,,,1194,1194
1258,,0.0,,,,,,,,1195,1195
1259,,0.0,,,,,,,,1196,1196
1260,,0.0,,,,,,,,1197,1197
1261,,0.0,,,,,,,,1198,1198
1262,,0.0,,,,,,,,1199,1199
1263,,0.0,,,,,,,,1200,1200
1264,,0.0,,,,,,,,1201,1201
1265,,0.0,,,,,,,,1202,1202
1266,,0.0,,,,,,,,1203,1203
1267,,0.0,,,,,,,,1205,1205
1268,,0.0,,,,,,,,1206,1206
1269,,0.0,,,,,,,,1207,1207
1270,,0.0,,,,,,,,1208,1208
1271,,0.0,,,,,,,,1209,1209
1272,,0.0,,,,,,,,1210,1210
1273,,0.0,,,,,,,,1211,1211
1274,,0.0,,,,,,,,1212,1212
1275,,0.0,,,,,,,,1213,1213
1276,,0.0,,,,,,,,1214,1214
1277,,0.0,,,,,,,,1215,1215
1278,,0.0,,,,,,,,1216,1216
1279,,0.0,,,,,,,,1217,1217
1280,,0.0,,,,,,,,1218,1218
1281,,0.0,,,,,,,,1219,1219
1282,,0.0,,,,,,,,1220,1220
1283,,0.0,,,,,,,,1221,1221
1284,,0.0,,,,,,,,1222,1222
1285,,0.0,,,,,,,,1223,1223
1286,,0.0,,,,,,,,1224,1224
1287,,0.0,,,,,,,,1225,1225
1288,,0.0,,,,,,,,1226,1226
1289,,0.0,,,,,,,,1227,1227
1290,,0.0,,,,,,,,1228,1228
1291,,0.0,,,,,,,,1229,1229
1292,,0.0,,,,,,,,1230,1230
1293,,0.0,,,,,,,,1231,1231
1294,,0.0,,,,,,,,1232,1232
1295,,0.0,,,,,,,,1234,1234
1296,,0.0,,,,,,,,1235,1235
1297,,0.0,,,,,,,,1236,1236
1298,,0.0,,,,,,,,1237,1237
1299,,0.0,,,,,,,,1239,1239
1300,,0.0,,,,,,,,1240,1240
1301,,0.0,,,,,,,,1242,1242
1302,,0.0,,,,,,,,1243,1243
1303,,0.0,,,,,,,,1244,1244
1304,,0.0,,,,,,,,1245,1245
1305,,0.0,,,,,,,,1246,1246
1306,,0.0,,,,,,,,1247,1247
1307,,0.0,,,,,,,,1248,1248
1308,,0.0,,,,,,,,1249,1249
1309,,0.0,,,,,,,,1250,1250
1310,,0.0,,,,,,,,1251,1251
1311,,0.0,,,,,,,,1254,1254
1312,,0.0,,,,,,,,1255,1255
1313,,0.0,,,,,,,,1256,1256
1314,,0.0,,,,,,,,1257,1257
1315,,0.0,,,,,,,,1258,1258
1316,,0.0,,,,,,,,1259,1259
1317,,0.0,,,,,,,,1260,1260
1318,,0.0,,,,,,,,1261,1261
1319,,0.0,,,,,,,,1262,1262
1320,,0.0,,,,,,,,1263,1263
1321,,0.0,,,,,,,,1264,1264
1322,,0.0,,,,,,,,1265,1265
1323,,0.0,,,,,,,,1266,1266
1324,,0.0,,,,,,,,1267,1267
1325,,0.0,,,,,,,,1268,1268
1326,,0.0,,,,,,,,1269,1269
1327,,0.0,,,,,,,,1270,1270
1328,,0.0,,,,,,,,1272,1272
1329,,0.0,,,,,,,,1273,1273
1330,,0.0,,,,,,,,1274,1274
1331,,0.0,,,,,,,,1276,1276
1332,,0.0,,,,,,,,1277,1277
1333,,0.0,,,,,,,,1278,1278
1334,,0.0,,,,,,,,1279,1279
1335,,0.0,,,,,,,,1280,1280
1336,,0.0,,,,,,,,1281,1281
1337,,0.0,,,,,,,,1282,1282
1338,,0.0,,,,,,,,1283,1283
1339,,0.0,,,,,,,,1284,1284
1340,,0.0,,,,,,,,1285,1285
1341,,0.0,,,,,,,,1286,1286
1342,,0.0,,,,,,,,1287,1287
1343,,0.0,,,,,,,,1288,1288
1344,,0.0,,,,,,,,1289,1289
1345,,0.0,,,,,,,,1290,1290
1346,,0.0,,,,,,,,1291,1291
1347,,0.0,,,,,,,,1293,1293
1348,,0.0,,,,,,,,1294,1294
1349,,0.0,,,,,,,,1295,1295
1350,,0.0,,,,,,,,1296,1296
1351,,0.0,,,,,,,,1297,1297
1352,,0.0,,,,,,,,1298,1298
1353,,0.0,,,,,,,,1299,1299
1354,,0.0,,,,,,,,1300,1300
1355,,0.0,,,,,,,,1301,1301
1356,,0.0,,,,,,,,1302,1302
1357,,0.0,,,,,,,,1303,1303
1358,,0.0,,,,,,,,1304,1304
1359,,0.0,,,,,,,,1305,1305
1360,,0.0,,,,,,,,1307,1307
1361,,0.0,,,,,,,,1308,1308
1362,,0.0,,,,,,,,1309,1309
1363,,0.0,,,,,,,,1312,1312
1364,,0.0,,,,,,,,1314,1314
1365,,0.0,,,,,,,,1315,1315
1366,,0.0,,,,,,,,1316,1316
1367,,0.0,,,,,,,,1318,1318
1368,,0.0,,,,,,,,1319,1319
1369,,0.0,,,,,,,,1320,1320
1370,,0.0,,,,,,,,1321,1321
1371,,0.0,,,,,,,,1322,1322
1372,,0.0,,,,,,,,1323,1323
1373,,0.0,,,,,,,,1324,1324
1374,,0.0,,,,,,,,1325,1325
1375,,0.0,,,,,,,,1326,1326
1376,,0.0,,,,,,,,1328,1328
1377,,0.0,,,,,,,,1330,1330
1378,,0.0,,,,,,,,1331,1331
1379,,0.0,,,,,,,,1332,1332
1380,,0.0,,,,,,,,1333,1333
1381,,0.0,,,,,,,,1334,1334
1382,,0.0,,,,,,,,1335,1335
1383,,0.0,,,,,,,,1336,1336
1384,,0.0,,,,,,,,1337,1337
1385,,0.0,,,,,,,,1338,1338
1386,,0.0,,,,,,,,1339,1339
1387,,0.0,,,,,,,,1340,1340
1388,,0.0,,,,,,,,1341,1341
1389,,0.0,,,,,,,,1342,1342
1390,,0.0,,,,,,,,1343,1343
1391,,0.0,,,,,,,,1344,1344
1392,,0.0,,,,,,,,1345,1345
1393,,0.0,,,,,,,,1346,1346
1394,,0.0,,,,,,,,1347,1347
1395,,0.0,,,,,,,,1349,1349
1396,,0.0,,,,,,,,1350,1350
1397,,0.0,,,,,,,,1351,1351
1398,,0.0,,,,,,,,1352,1352
1399,,0.0,,,,,,,,1353,1353
1400,,0.0,,,,,,,,1354,1354
1401,,0.0,,,,,,,,1355,1355
1402,,0.0,,,,,,,,1356,1356
1403,,0.0,,,,,,,,1357,1357
1404,,0.0,,,,,,,,1358,1358
1405,,0.0,,,,,,,,1359,1359
1406,,0.0,,,,,,,,1360,1360
1407,,0.0,,,,,,,,1361,1361
1408,,0.0,,,,,,,,1362,1362
1409,,0.0,,,,,,,,1363,1363
1410,,0.0,,,,,,,,1365,1365
1411,,0.0,,,,,,,,1367,1367
1412,,0.0,,,,,,,,1369,1369
1413,,0.0,,,,,,,,1370,1370
1414,,0.0,,,,,,,,1371,1371
1415,,0.0,,,,,,,,1372,1372
1416,,0.0,,,,,,,,1373,1373
1417,,0.0,,,,,,,,1374,1374
1418,,0.0,,,,,,,,1375,1375
1419,,0.0,,,,,,,,1377,1377
1420,,0.0,,,,,,,,1378,1378
1421,,0.0,,,,,,,,1379,1379
1422,,0.0,,,,,,,,1380,1380
1423,,0.0,,,,,,,,1381,1381
1424,,0.0,,,,,,,,1382,1382
1425,,0.0,,,,,,,,1383,1383
1426,,0.0,,,,,,,,1384,1384
1427,,0.0,,,,,,,,1387,1387
1428,,0.0,,,,,,,,1389,1389
1429,,0.0,,,,,,,,1390,1390
1430,,0.0,,,,,,,,1391,1391
1431,,0.0,,,,,,,,1392,1392
1432,,0.0,,,,,,,,1393,1393
1433,,0.0,,,,,,,,1394,1394
1434,,0.0,,,,,,,,1395,1395
1435,,0.0,,,,,,,,1396,1396
1436,,0.0,,,,,,,,1398,1398
1437,,0.0,,,,,,,,1399,1399
1438,,0.0,,,,,,,,1400,1400
1439,,0.0,,,,,,,,1401,1401
1440,,0.0,,,,,,,,1402,1402
1441,,0.0,,,,,,,,1404,1404
1442,,0.0,,,,,,,,1405,1405
1443,,0.0,,,,,,,,1406,1406
1444,,0.0,,,,,,,,1407,1407
1445,,0.0,,,,,,,,1408,1408
1446,,0.0,,,,,,,,1409,1409
1447,,0.0,,,,,,,,1410,1410
1448,,0.0,,,,,,,,1411,1411
1449,,0.0,,,,,,,,1412,1412
1450,,0.0,,,,,,,,1413,1413
1451,,0.0,,,,,,,,1414,1414
1452,,0.0,,,,,,,,1415,1415
1453,,0.0,,,,,,,,1416,1416
1454,,0.0,,,,,,,,1417,1417
1455,,0.0,,,,,,,,1418,1418
1456,,0.0,,,,,,,,1419,1419
1457,,0.0,,,,,,,,1420,1420
1458,,0.0,,,,,,,,1421,1421
1459,,0.0,,,,,,,,1423,1423
1460,,0.0,,,,,,,,1424,1424
1461,,0.0,,,,,,,,1425,1425
1462,,0.0,,,,,,,,1426,1426
1463,,0.0,,,,,,,,1427,1427
1464,,0.0,,,,,,,,1428,1428
1465,,0.0,,,,,,,,1429,1429
1466,,0.0,,,,,,,,1430,1430
1467,,0.0,,,,,,,,1431,1431
1468,,0.0,,,,,,,,1432,1432
1469,,0.0,,,,,,,,1434,1434
1470,,0.0,,,,,,,,1435,1435
1471,,0.0,,,,,,,,1436,1436
1472,,0.0,,,,,,,,1438,1438
1473,,0.0,,,,,,,,1439,1439
1474,,0.0,,,,,,,,1441,1441
1475,,0.0,,,,,,,,1442,1442
1476,,0.0,,,,,,,,1443,1443
1477,,0.0,,,,,,,,1445,1445
1478,,0.0,,,,,,,,1446,1446
1479,,0.0,,,,,,,,1447,1447
1480,,0.0,,,,,,,,1448,1448
1481,,0.0,,,,,,,,1449,1449
1482,,0.0,,,,,,,,1450,1450
1483,,0.0,,,,,,,,1451,1451
1484,,0.0,,,,,,,,1452,1452
1485,,0.0,,,,,,,,1453,1453
1486,,0.0,,,,,,,,1454,1454
1487,,0.0,,,,,,,,1455,1455
1488,,0.0,,,,,,,,1456,1456
1489,,0.0,,,,,,,,1457,1457
1490,,0.0,,,,,,,,1458,1458
1491,,0.0,,,,,,,,1459,1459
1492,,0.0,,,,,,,,1460,1460
1493,,0.0,,,,,,,,1461,1461
1494,,0.0,,,,,,,,1462,1462
1495,,0.0,,,,,,,,1463,1463
1496,,0.0,,,,,,,,1464,1464
1497,,0.0,,,,,,,,1466,1466
1498,,0.0,,,,,,,,1467,1467
1499,,0.0,,,,,,,,1468,1468
1500,,0.0,,,,,,,,1469,1469
1501,,0.0,,,,,,,,1470,1470
1502,,0.0,,,,,,,,1472,1472
1503,,0.0,,,,,,,,1473,1473
1504,,0.0,,,,,,,,1474,1474
1505,,0.0,,,,,,,,1475,1475
1506,,0.0,,,,,,,,1477,1477
1507,,0.0,,,,,,,,1478,1478
1508,,0.0,,,,,,,,1479,1479
1509,,0.0,,,,,,,,1480,1480
1510,,0.0,,,,,,,,1481,1481
1511,,0.0,,,,,,,,1482,1482
1512,,0.0,,,,,,,,1483,1483
1513,,0.0,,,,,,,,1484,1484
1514,,0.0,,,,,,,,1485,1485
1515,,0.0,,,,,,,,1486,1486
1516,,0.0,,,,,,,,1487,1487
1517,,0.0,,,,,,,,1489,1489
1518,,0.0,,,,,,,,1492,1492
1519,,0.0,,,,,,,,1493,1493
1520,,0.0,,,,,,,,1494,1494
1521,,0.0,,,,,,,,1495,1495
1522,,0.0,,,,,,,,1496,1496
1523,,0.0,,,,,,,,1497,1497
1524,,0.0,,,,,,,,1498,1498
1525,,0.0,,,,,,,,1499,1499
1526,,0.0,,,,,,,,1500,1500
1527,,0.0,,,,,,,,1501,1501
1528,,0.0,,,,,,,,1502,1502
1529,,0.0,,,,,,,,1503,1503
1530,,0.0,,,,,,,,1504,1504
1531,,0.0,,,,,,,,1505,1505
1532,,0.0,,,,,,,,1506,1506
1533,,0.0,,,,,,,,1507,1507
1534,,0.0,,,,,,,,1508,1508
1535,,0.0,,,,,,,,1509,1509
1536,,0.0,,,,,,,,1510,1510
1537,,0.0,,,,,,,,1512,1512
1538,,0.0,,,,,,,,1513,1513
1539,,0.0,,,,,,,,1515,1515
1540,,0.0,,,,,,,,1516,1516
1541,,0.0,,,,,,,,1517,1517
1542,,0.0,,,,,,,,1518,1518
1543,,0.0,,,,,,,,1519,1519
1544,,0.0,,,,,,,,1520,1520
1545,,0.0,,,,,,,,1521,1521
1546,,0.0,,,,,,,,1522,1522
1547,,0.0,,,,,,,,1523,1523
1548,,0.0,,,,,,,,1524,1524
1549,,0.0,,,,,,,,1525,1525
1550,,0.0,,,,,,,,1526,1526
1551,,0.0,,,,,,,,1527,1527
1552,,0.0,,,,,,,,1528,1528
1553,,0.0,,,,,,,,1529,1529
1554,,0.0,,,,,,,,1530,1530
1555,,0.0,,,,,,,,1531,1531
1556,,0.0,,,,,,,,1532,1532
1557,,0.0,,,,,,,,1533,1533
1558,,0.0,,,,,,,,1534,1534
1559,,0.0,,,,,,,,1536,1536
1560,,0.0,,,,,,,,1537,1537
1561,,0.0,,,,,,,,1538,1538
1562,,0.0,,,,,,,,1539,1539
1563,,0.0,,,,,,,,1540,1540
1564,,0.0,,,,,,,,1541,1541
1565,,0.0,,,,,,,,1542,1542
1566,,0.0,,,,,,,,1543,1543
1567,,0.0,,,,,,,,1544,1544
1568,,0.0,,,,,,,,1546,1546
1569,,0.0,,,,,,,,1548,1548
1570,,0.0,,,,,,,,1549,1549
1571,,0.0,,,,,,,,1550,1550
1572,,0.0,,,,,,,,1551,1551
1573,,0.0,,,,,,,,1552,1552
1574,,0.0,,,,,,,,1553,1553
1575,,0.0,,,,,,,,1554,1554
1576,,0.0,,,,,,,,1555,1555
1577,,0.0,,,,,,,,1556,1556
1578,,0.0,,,,,,,,1557,1557
1579,,0.0,,,,,,,,1558,1558
1580,,0.0,,,,,,,,1559,1559
1581,,0.0,,,,,,,,1560,1560
1582,,0.0,,,,,,,,1561,1561
1583,,0.0,,,,,,,,1562,1562
1584,,0.0,,,,,,,,1563,1563
1585,,0.0,,,,,,,,1564,1564
1586,,0.0,,,,,,,,1565,1565
1587,,0.0,,,,,,,,1566,1566
1588,,0.0,,,,,,,,1568,1568
1589,,0.0,,,,,,,,1569,1569
1590,,0.0,,,,,,,,1570,1570
1591,,0.0,,,,,,,,1571,1571
1592,,0.0,,,,,,,,1573,1573
1593,,0.0,,,,,,,,1574,1574
1594,,0.0,,,,,,,,1575,1575
1595,,0.0,,,,,,,,1576,1576
1596,,0.0,,,,,,,,1577,1577
1597,,0.0,,,,,,,,1578,1578
1598,,0.0,,,,,,,,1579,1579
1599,,0.0,,,,,,,,1580,1580
1600,,0.0,,,,,,,,1581,1581
1601,,0.0,,,,,,,,1582,1582
1602,,0.0,,,,,,,,1583,1583
1603,,0.0,,,,,,,,1584,1584
1604,,0.0,,,,,,,,1585,1585
1605,,0.0,,,,,,,,1586,1586
1606,,0.0,,,,,,,,1587,1587
1607,,0.0,,,,,,,,1589,1589
1608,,0.0,,,,,,,,1590,1590
1609,,0.0,,,,,,,,1591,1591
1610,,0.0,,,,,,,,1592,1592
1611,,0.0,,,,,,,,1593,1593
1612,,0.0,,,,,,,,1594,1594
1613,,0.0,,,,,,,,1595,1595
1614,,0.0,,,,,,,,1596,1596
1615,,0.0,,,,,,,,1597,1597
1616,,0.0,,,,,,,,1598,1598
1617,,0.0,,,,,,,,1599,1599
1618,,0.0,,,,,,,,1600,1600
1619,,0.0,,,,,,,,1601,1601
1620,,0.0,,,,,,,,1602,1602
1621,,0.0,,,,,,,,1603,1603
1622,,0.0,,,,,,,,1604,1604
1623,,0.0,,,,,,,,1605,1605
1624,,0.0,,,,,,,,1606,1606
1625,,0.0,,,,,,,,1607,1607
1626,,0.0,,,,,,,,1608,1608
1627,,0.0,,,,,,,,1609,1609
1628,,0.0,,,,,,,,1610,1610
1629,,0.0,,,,,,,,1611,1611
1630,,0.0,,,,,,,,1612,1612
1631,,0.0,,,,,,,,1613,1613
1632,,0.0,,,,,,,,1614,1614
1633,,0.0,,,,,,,,1615,1615
1634,,0.0,,,,,,,,1616,1616
1635,,0.0,,,,,,,,1618,1618
1636,,0.0,,,,,,,,1619,1619
1637,,0.0,,,,,,,,1620,1620
1638,,0.0,,,,,,,,1621,1621
1639,,0.0,,,,,,,,1622,1622
1640,,0.0,,,,,,,,1623,1623
1641,,0.0,,,,,,,,1625,1625
1642,,0.0,,,,,,,,1626,1626
1643,,0.0,,,,,,,,1627,1627
1644,,0.0,,,,,,,,1628,1628
1645,,0.0,,,,,,,,1629,1629
1646,,0.0,,,,,,,,1630,1630
1647,,0.0,,,,,,,,1631,1631
1648,,0.0,,,,,,,,1632,1632
1649,,0.0,,,,,,,,1633,1633
1650,,0.0,,,,,,,,1634,1634
1651,,0.0,,,,,,,,1635,1635
1652,,0.0,,,,,,,,1636,1636
1653,,0.0,,,,,,,,1637,1637
1654,,0.0,,,,,,,,1638,1638
1655,,0.0,,,,,,,,1639,1639
1656,,0.0,,,,,,,,1640,1640
1657,,0.0,,,,,,,,1641,1641
1658,,0.0,,,,,,,,1642,1642
1659,,0.0,,,,,,,,1643,1643
1660,,0.0,,,,,,,,1644,1644
1661,,0.0,,,,,,,,1645,1645
1662,,0.0,,,,,,,,1646,1646
1663,,0.0,,,,,,,,1647,1647
1664,,0.0,,,,,,,,1648,1648
1665,,0.0,,,,,,,,1649,1649
1666,,0.0,,,,,,,,1650,1650
1667,,0.0,,,,,,,,1651,1651
1668,,0.0,,,,,,,,1652,1652
1669,,0.0,,,,,,,,1653,1653
1670,,0.0,,,,,,,,1654,1654
1671,,0.0,,,,,,,,1655,1655
1672,,0.0,,,,,,,,1656,1656
1673,,0.0,,,,,,,,1657,1657
1674,,0.0,,,,,,,,1658,1658
1675,,0.0,,,,,,,,1659,1659
1676,,0.0,,,,,,,,1660,1660
1677,,0.0,,,,,,,,1661,1661
1678,,0.0,,,,,,,,1662,1662
1679,,0.0,,,,,,,,1663,1663
1680,,0.0,,,,,,,,1664,1664
1681,,0.0,,,,,,,,1665,1665
1682,,0.0,,,,,,,,1666,1666
1683,,0.0,,,,,,,,1667,1667
1684,,0.0,,,,,,,,1668,1668
1685,,0.0,,,,,,,,1669,1669
1686,,0.0,,,,,,,,1670,1670
1687,,0.0,,,,,,,,1671,1671
1688,,0.0,,,,,,,,1672,1672
1689,,0.0,,,,,,,,1673,1673
1690,,0.0,,,,,,,,1674,1674
1691,,0.0,,,,,,,,1675,1675
1692,,0.0,,,,,,,,1676,1676
1693,,0.0,,,,,,,,1677,1677
1694,,0.0,,,,,,,,1678,1678
1695,,0.0,,,,,,,,1679,1679
1696,,0.0,,,,,,,,1680,1680
1697,,0.0,,,,,,,,1681,1681
1698,,0.0,,,,,,,,1682,1682
1699,,0.0,,,,,,,,1683,1683
1700,,0.0,,,,,,,,1684,1684
1701,,0.0,,,,,,,,1685,1685
1702,,0.0,,,,,,,,1686,1686
1703,,0.0,,,,,,,,1687,1687
1704,,0.0,,,,,,,,1688,1688
1705,,0.0,,,,,,,,1689,1689
1706,,0.0,,,,,,,,1690,1690
1707,,0.0,,,,,,,,1691,1691
1708,,0.0,,,,,,,,1692,1692
1709,,0.0,,,,,,,,1693,1693
1710,,0.0,,,,,,,,1694,1694
1711,,0.0,,,,,,,,1695,1695
1712,,0.0,,,,,,,,1697,1697
1713,,0.0,,,,,,,,1698,1698
1714,,0.0,,,,,,,,1701,1701
1715,,0.0,,,,,,,,1703,1703
1716,,0.0,,,,,,,,1704,1704
1717,,0.0,,,,,,,,1705,1705
1718,,0.0,,,,,,,,1707,1707
1719,,0.0,,,,,,,,1708,1708
1720,,0.0,,,,,,,,1710,1710
1721,,0.0,,,,,,,,1712,1712
1722,,0.0,,,,,,,,1713,1713
1723,,0.0,,,,,,,,1714,1714
1724,,0.0,,,,,,,,1715,1715
1725,,0.0,,,,,,,,1716,1716
1726,,0.0,,,,,,,,1717,1717
1727,,0.0,,,,,,,,1718,1718
1728,,0.0,,,,,,,,1719,1719
1729,,0.0,,,,,,,,1720,1720
1730,,0.0,,,,,,,,1721,1721
1731,,0.0,,,,,,,,1722,1722
1732,,0.0,,,,,,,,1724,1724
1733,,0.0,,,,,,,,1725,1725
1734,,0.0,,,,,,,,1726,1726
1735,,0.0,,,,,,,,1727,1727
1736,,0.0,,,,,,,,1728,1728
1737,,0.0,,,,,,,,1729,1729
1738,,0.0,,,,,,,,1730,1730
1739,,0.0,,,,,,,,1731,1731
1740,,0.0,,,,,,,,1732,1732
1741,,0.0,,,,,,,,1733,1733
1742,,0.0,,,,,,,,1735,1735
1743,,0.0,,,,,,,,1737,1737
1744,,0.0,,,,,,,,1738,1738
1745,,0.0,,,,,,,,1739,1739
1746,,0.0,,,,,,,,1740,1740
1747,,0.0,,,,,,,,1741,1741
1748,,0.0,,,,,,,,1742,1742
1749,,0.0,,,,,,,,1743,1743
1750,,0.0,,,,,,,,1745,1745
1751,,0.0,,,,,,,,1747,1747
1752,,0.0,,,,,,,,1748,1748
1753,,0.0,,,,,,,,1749,1749
1754,,0.0,,,,,,,,1750,1750
1755,,0.0,,,,,,,,1751,1751
1756,,0.0,,,,,,,,1752,1752
1757,,0.0,,,,,,,,1753,1753
1758,,0.0,,,,,,,,1754,1754
1759,,0.0,,,,,,,,1755,1755
1760,,0.0,,,,,,,,1756,1756
1761,,0.0,,,,,,,,1757,1757
1762,,0.0,,,,,,,,1758,1758
1763,,0.0,,,,,,,,1759,1759
1764,,0.0,,,,,,,,1760,1760
1765,,0.0,,,,,,,,1761,1761
1766,,0.0,,,,,,,,1762,1762
1767,,0.0,,,,,,,,1764,1764
1768,,0.0,,,,,,,,1765,1765
1769,,0.0,,,,,,,,1766,1766
1770,,0.0,,,,,,,,1767,1767
1771,,0.0,,,,,,,,1768,1768
1772,,0.0,,,,,,,,1769,1769
1773,,0.0,,,,,,,,1770,1770
1774,,0.0,,,,,,,,1771,1771
1775,,0.0,,,,,,,,1772,1772
1776,,0.0,,,,,,,,1773,1773
1777,,0.0,,,,,,,,1774,1774
1778,,0.0,,,,,,,,1775,1775
1779,,0.0,,,,,,,,1777,1777
1780,,0.0,,,,,,,,1778,1778
1781,,0.0,,,,,,,,1779,1779
1782,,0.0,,,,,,,,1781,1781
1783,,0.0,,,,,,,,1782,1782
1784,,0.0,,,,,,,,1783,1783
1785,,0.0,,,,,,,,1784,1784
1786,,0.0,,,,,,,,1785,1785
1787,,0.0,,,,,,,,1786,1786
1788,,0.0,,,,,,,,1787,1787
1789,,0.0,,,,,,,,1788,1788
