,Member Rating.1,Opens,Bounce Type,campaign_id,Total Recipients,Successful Deliveries,Soft Bounces,Hard Bounces,Total Bounces,email_id
0,4.0,1.0,sent,5.0,1648,1594,9,45,54,1579
1,2.0,1.0,sent,5.0,1648,1594,9,45,54,1451
2,3.0,1.0,sent,5.0,1648,1594,9,45,54,982
3,2.0,1.0,sent,5.0,1648,1594,9,45,54,365
4,3.0,1.0,sent,5.0,1648,1594,9,45,54,1203
5,2.0,2.0,sent,5.0,1648,1594,9,45,54,859
6,2.0,1.0,sent,5.0,1648,1594,9,45,54,875
7,4.0,1.0,sent,5.0,1648,1594,9,45,54,729
8,4.0,1.0,sent,5.0,1648,1594,9,45,54,1541
9,2.0,1.0,sent,5.0,1648,1594,9,45,54,1273
10,2.0,1.0,sent,5.0,1648,1594,9,45,54,286
11,2.0,1.0,sent,5.0,1648,1594,9,45,54,1153
12,2.0,1.0,sent,5.0,1648,1594,9,45,54,747
13,2.0,1.0,sent,5.0,1648,1594,9,45,54,1523
14,3.0,1.0,sent,5.0,1648,1594,9,45,54,160
15,4.0,2.0,sent,5.0,1648,1594,9,45,54,354
16,3.0,1.0,sent,5.0,1648,1594,9,45,54,1007
17,2.0,2.0,sent,5.0,1648,1594,9,45,54,431
18,3.0,1.0,sent,5.0,1648,1594,9,45,54,1306
19,3.0,1.0,sent,5.0,1648,1594,9,45,54,625
20,2.0,3.0,sent,5.0,1648,1594,9,45,54,59
21,3.0,1.0,sent,5.0,1648,1594,9,45,54,857
22,4.0,1.0,sent,5.0,1648,1594,9,45,54,88
23,4.0,1.0,sent,5.0,1648,1594,9,45,54,1138
24,2.0,1.0,sent,5.0,1648,1594,9,45,54,476
25,2.0,1.0,sent,5.0,1648,1594,9,45,54,343
26,2.0,1.0,sent,5.0,1648,1594,9,45,54,925
27,2.0,1.0,sent,5.0,1648,1594,9,45,54,129
28,3.0,1.0,sent,5.0,1648,1594,9,45,54,1282
29,2.0,1.0,sent,5.0,1648,1594,9,45,54,722
30,2.0,1.0,sent,5.0,1648,1594,9,45,54,334
31,2.0,5.0,sent,5.0,1648,1594,9,45,54,358
32,4.0,1.0,sent,5.0,1648,1594,9,45,54,235
33,2.0,1.0,sent,5.0,1648,1594,9,45,54,49
34,2.0,1.0,sent,5.0,1648,1594,9,45,54,29
35,2.0,1.0,sent,5.0,1648,1594,9,45,54,524
36,2.0,1.0,sent,5.0,1648,1594,9,45,54,966
37,2.0,1.0,sent,5.0,1648,1594,9,45,54,1281
38,2.0,1.0,sent,5.0,1648,1594,9,45,54,116
39,2.0,4.0,sent,5.0,1648,1594,9,45,54,1624
40,3.0,1.0,sent,5.0,1648,1594,9,45,54,1598
41,2.0,1.0,sent,5.0,1648,1594,9,45,54,1117
42,2.0,1.0,sent,5.0,1648,1594,9,45,54,1647
43,2.0,1.0,sent,5.0,1648,1594,9,45,54,1098
44,2.0,1.0,sent,5.0,1648,1594,9,45,54,858
45,2.0,1.0,sent,5.0,1648,1594,9,45,54,1437
46,4.0,2.0,sent,5.0,1648,1594,9,45,54,1631
47,2.0,1.0,sent,5.0,1648,1594,9,45,54,1430
48,3.0,1.0,sent,5.0,1648,1594,9,45,54,367
49,2.0,1.0,sent,5.0,1648,1594,9,45,54,1535
50,3.0,1.0,sent,5.0,1648,1594,9,45,54,409
51,3.0,2.0,sent,5.0,1648,1594,9,45,54,1497
52,4.0,1.0,sent,5.0,1648,1594,9,45,54,1527
53,4.0,1.0,sent,5.0,1648,1594,9,45,54,1222
54,3.0,1.0,sent,5.0,1648,1594,9,45,54,242
55,4.0,3.0,sent,5.0,1648,1594,9,45,54,522
56,4.0,1.0,sent,5.0,1648,1594,9,45,54,1460
57,4.0,1.0,sent,5.0,1648,1594,9,45,54,42
58,2.0,1.0,sent,5.0,1648,1594,9,45,54,999
59,3.0,1.0,sent,5.0,1648,1594,9,45,54,304
60,3.0,1.0,sent,5.0,1648,1594,9,45,54,998
61,2.0,1.0,sent,5.0,1648,1594,9,45,54,537
62,3.0,1.0,sent,5.0,1648,1594,9,45,54,369
63,4.0,2.0,sent,5.0,1648,1594,9,45,54,441
64,2.0,1.0,sent,5.0,1648,1594,9,45,54,1093
65,2.0,1.0,sent,5.0,1648,1594,9,45,54,1160
66,4.0,1.0,sent,5.0,1648,1594,9,45,54,500
67,3.0,1.0,sent,5.0,1648,1594,9,45,54,567
68,3.0,2.0,sent,5.0,1648,1594,9,45,54,1085
69,4.0,1.0,sent,5.0,1648,1594,9,45,54,647
70,2.0,1.0,sent,5.0,1648,1594,9,45,54,1342
71,3.0,1.0,sent,5.0,1648,1594,9,45,54,1618
72,4.0,1.0,sent,5.0,1648,1594,9,45,54,489
73,2.0,1.0,sent,5.0,1648,1594,9,45,54,888
74,3.0,1.0,sent,5.0,1648,1594,9,45,54,822
75,4.0,1.0,sent,5.0,1648,1594,9,45,54,377
76,4.0,2.0,sent,5.0,1648,1594,9,45,54,1070
77,4.0,1.0,sent,5.0,1648,1594,9,45,54,688
78,2.0,1.0,sent,5.0,1648,1594,9,45,54,631
79,4.0,1.0,sent,5.0,1648,1594,9,45,54,295
80,4.0,1.0,sent,5.0,1648,1594,9,45,54,902
81,4.0,1.0,sent,5.0,1648,1594,9,45,54,196
82,4.0,3.0,sent,5.0,1648,1594,9,45,54,123
83,3.0,1.0,sent,5.0,1648,1594,9,45,54,851
84,3.0,1.0,sent,5.0,1648,1594,9,45,54,1013
85,4.0,1.0,sent,5.0,1648,1594,9,45,54,719
86,3.0,1.0,sent,5.0,1648,1594,9,45,54,558
87,3.0,1.0,sent,5.0,1648,1594,9,45,54,832
88,3.0,1.0,sent,5.0,1648,1594,9,45,54,1452
89,3.0,1.0,sent,5.0,1648,1594,9,45,54,881
90,2.0,3.0,sent,5.0,1648,1594,9,45,54,1468
91,3.0,1.0,sent,5.0,1648,1594,9,45,54,1402
92,2.0,1.0,sent,5.0,1648,1594,9,45,54,1011
93,3.0,1.0,sent,5.0,1648,1594,9,45,54,704
94,3.0,1.0,sent,5.0,1648,1594,9,45,54,542
95,2.0,3.0,sent,5.0,1648,1594,9,45,54,447
96,2.0,1.0,sent,5.0,1648,1594,9,45,54,1443
97,2.0,1.0,sent,5.0,1648,1594,9,45,54,1537
98,4.0,1.0,sent,5.0,1648,1594,9,45,54,1053
99,3.0,1.0,sent,5.0,1648,1594,9,45,54,927
100,2.0,1.0,sent,5.0,1648,1594,9,45,54,80
101,2.0,1.0,sent,5.0,1648,1594,9,45,54,1613
102,4.0,1.0,sent,5.0,1648,1594,9,45,54,142
103,2.0,1.0,sent,5.0,1648,1594,9,45,54,725
104,2.0,3.0,sent,5.0,1648,1594,9,45,54,1243
105,2.0,1.0,sent,5.0,1648,1594,9,45,54,779
106,3.0,2.0,sent,5.0,1648,1594,9,45,54,1223
107,2.0,3.0,sent,5.0,1648,1594,9,45,54,1228
108,3.0,1.0,sent,5.0,1648,1594,9,45,54,1605
109,4.0,4.0,sent,5.0,1648,1594,9,45,54,1155
110,2.0,0.0,sent,5.0,1648,1594,9,45,54,976
111,2.0,0.0,sent,5.0,1648,1594,9,45,54,361
112,2.0,0.0,sent,5.0,1648,1594,9,45,54,310
113,2.0,0.0,sent,5.0,1648,1594,9,45,54,1498
114,2.0,0.0,sent,5.0,1648,1594,9,45,54,1240
115,2.0,0.0,sent,5.0,1648,1594,9,45,54,1394
116,2.0,0.0,sent,5.0,1648,1594,9,45,54,1190
117,2.0,0.0,sent,5.0,1648,1594,9,45,54,430
118,2.0,0.0,sent,5.0,1648,1594,9,45,54,681
119,2.0,0.0,sent,5.0,1648,1594,9,45,54,1492
120,2.0,0.0,sent,5.0,1648,1594,9,45,54,1101
121,2.0,0.0,sent,5.0,1648,1594,9,45,54,670
122,2.0,0.0,sent,5.0,1648,1594,9,45,54,1291
123,3.0,0.0,sent,5.0,1648,1594,9,45,54,1341
124,2.0,0.0,sent,5.0,1648,1594,9,45,54,228
125,2.0,0.0,sent,5.0,1648,1594,9,45,54,594
126,2.0,0.0,sent,5.0,1648,1594,9,45,54,1214
127,2.0,0.0,sent,5.0,1648,1594,9,45,54,465
128,3.0,0.0,sent,5.0,1648,1594,9,45,54,1377
129,2.0,0.0,sent,5.0,1648,1594,9,45,54,24
130,2.0,0.0,sent,5.0,1648,1594,9,45,54,1366
131,2.0,0.0,sent,5.0,1648,1594,9,45,54,1191
132,2.0,0.0,sent,5.0,1648,1594,9,45,54,1148
133,4.0,0.0,sent,5.0,1648,1594,9,45,54,180
134,2.0,0.0,sent,5.0,1648,1594,9,45,54,922
135,2.0,0.0,sent,5.0,1648,1594,9,45,54,707
136,3.0,0.0,sent,5.0,1648,1594,9,45,54,644
137,2.0,0.0,sent,5.0,1648,1594,9,45,54,1049
138,2.0,0.0,sent,5.0,1648,1594,9,45,54,44
139,2.0,0.0,sent,5.0,1648,1594,9,45,54,493
140,2.0,0.0,sent,5.0,1648,1594,9,45,54,1361
141,2.0,0.0,sent,5.0,1648,1594,9,45,54,531
142,2.0,0.0,sent,5.0,1648,1594,9,45,54,118
143,2.0,0.0,sent,5.0,1648,1594,9,45,54,1245
144,1.0,0.0,sent,5.0,1648,1594,9,45,54,70
145,2.0,0.0,sent,5.0,1648,1594,9,45,54,351
146,2.0,0.0,sent,5.0,1648,1594,9,45,54,1062
147,2.0,0.0,sent,5.0,1648,1594,9,45,54,603
148,2.0,0.0,sent,5.0,1648,1594,9,45,54,868
149,2.0,0.0,sent,5.0,1648,1594,9,45,54,98
150,2.0,0.0,sent,5.0,1648,1594,9,45,54,32
151,2.0,0.0,sent,5.0,1648,1594,9,45,54,1370
152,2.0,0.0,sent,5.0,1648,1594,9,45,54,1046
153,2.0,0.0,sent,5.0,1648,1594,9,45,54,1241
154,2.0,0.0,sent,5.0,1648,1594,9,45,54,217
155,3.0,0.0,sent,5.0,1648,1594,9,45,54,889
156,2.0,0.0,sent,5.0,1648,1594,9,45,54,973
157,3.0,0.0,sent,5.0,1648,1594,9,45,54,994
158,2.0,0.0,sent,5.0,1648,1594,9,45,54,964
159,2.0,0.0,sent,5.0,1648,1594,9,45,54,289
160,2.0,0.0,sent,5.0,1648,1594,9,45,54,1310
161,2.0,0.0,sent,5.0,1648,1594,9,45,54,301
162,2.0,0.0,sent,5.0,1648,1594,9,45,54,1157
163,2.0,0.0,sent,5.0,1648,1594,9,45,54,945
164,2.0,0.0,sent,5.0,1648,1594,9,45,54,1167
165,2.0,0.0,sent,5.0,1648,1594,9,45,54,43
166,3.0,0.0,sent,5.0,1648,1594,9,45,54,135
167,2.0,0.0,sent,5.0,1648,1594,9,45,54,627
168,2.0,0.0,sent,5.0,1648,1594,9,45,54,528
169,2.0,0.0,sent,5.0,1648,1594,9,45,54,1201
170,2.0,0.0,sent,5.0,1648,1594,9,45,54,1408
171,2.0,0.0,sent,5.0,1648,1594,9,45,54,1143
172,2.0,0.0,sent,5.0,1648,1594,9,45,54,1436
173,2.0,0.0,sent,5.0,1648,1594,9,45,54,807
174,2.0,0.0,sent,5.0,1648,1594,9,45,54,479
175,2.0,0.0,sent,5.0,1648,1594,9,45,54,126
176,2.0,0.0,sent,5.0,1648,1594,9,45,54,442
177,2.0,0.0,sent,5.0,1648,1594,9,45,54,69
178,2.0,0.0,sent,5.0,1648,1594,9,45,54,591
179,2.0,0.0,sent,5.0,1648,1594,9,45,54,282
180,2.0,0.0,sent,5.0,1648,1594,9,45,54,1008
181,2.0,0.0,sent,5.0,1648,1594,9,45,54,691
182,2.0,0.0,sent,5.0,1648,1594,9,45,54,521
183,2.0,0.0,sent,5.0,1648,1594,9,45,54,319
184,4.0,0.0,sent,5.0,1648,1594,9,45,54,1347
185,4.0,0.0,sent,5.0,1648,1594,9,45,54,1440
186,3.0,0.0,sent,5.0,1648,1594,9,45,54,340
187,2.0,0.0,sent,5.0,1648,1594,9,45,54,421
188,2.0,0.0,sent,5.0,1648,1594,9,45,54,1318
189,2.0,0.0,sent,5.0,1648,1594,9,45,54,934
190,2.0,0.0,sent,5.0,1648,1594,9,45,54,1428
191,2.0,0.0,sent,5.0,1648,1594,9,45,54,161
192,2.0,0.0,sent,5.0,1648,1594,9,45,54,1267
193,3.0,0.0,sent,5.0,1648,1594,9,45,54,40
194,2.0,0.0,sent,5.0,1648,1594,9,45,54,1105
195,2.0,0.0,sent,5.0,1648,1594,9,45,54,1442
196,2.0,0.0,sent,5.0,1648,1594,9,45,54,1467
197,2.0,0.0,sent,5.0,1648,1594,9,45,54,511
198,2.0,0.0,sent,5.0,1648,1594,9,45,54,904
199,1.0,0.0,sent,5.0,1648,1594,9,45,54,692
200,2.0,0.0,sent,5.0,1648,1594,9,45,54,1629
201,2.0,0.0,sent,5.0,1648,1594,9,45,54,894
202,2.0,0.0,sent,5.0,1648,1594,9,45,54,1405
203,2.0,0.0,sent,5.0,1648,1594,9,45,54,27
204,2.0,0.0,sent,5.0,1648,1594,9,45,54,771
205,2.0,0.0,sent,5.0,1648,1594,9,45,54,389
206,2.0,0.0,sent,5.0,1648,1594,9,45,54,867
207,2.0,0.0,sent,5.0,1648,1594,9,45,54,1392
208,2.0,0.0,sent,5.0,1648,1594,9,45,54,21
209,2.0,0.0,sent,5.0,1648,1594,9,45,54,1357
210,2.0,0.0,sent,5.0,1648,1594,9,45,54,1210
211,2.0,0.0,sent,5.0,1648,1594,9,45,54,203
212,2.0,0.0,sent,5.0,1648,1594,9,45,54,1195
213,2.0,0.0,sent,5.0,1648,1594,9,45,54,249
214,2.0,0.0,sent,5.0,1648,1594,9,45,54,817
215,2.0,0.0,sent,5.0,1648,1594,9,45,54,335
216,2.0,0.0,sent,5.0,1648,1594,9,45,54,1321
217,2.0,0.0,sent,5.0,1648,1594,9,45,54,1546
218,2.0,0.0,sent,5.0,1648,1594,9,45,54,560
219,2.0,0.0,sent,5.0,1648,1594,9,45,54,307
220,4.0,0.0,sent,5.0,1648,1594,9,45,54,1587
221,2.0,0.0,sent,5.0,1648,1594,9,45,54,110
222,2.0,0.0,sent,5.0,1648,1594,9,45,54,696
223,4.0,0.0,sent,5.0,1648,1594,9,45,54,229
224,2.0,0.0,sent,5.0,1648,1594,9,45,54,1521
225,2.0,0.0,sent,5.0,1648,1594,9,45,54,1231
226,2.0,0.0,sent,5.0,1648,1594,9,45,54,1663
227,2.0,0.0,sent,5.0,1648,1594,9,45,54,619
228,2.0,0.0,sent,5.0,1648,1594,9,45,54,1681
229,2.0,0.0,sent,5.0,1648,1594,9,45,54,1419
230,2.0,0.0,sent,5.0,1648,1594,9,45,54,1683
231,2.0,0.0,sent,5.0,1648,1594,9,45,54,731
232,2.0,0.0,sent,5.0,1648,1594,9,45,54,416
233,2.0,0.0,sent,5.0,1648,1594,9,45,54,1664
234,2.0,0.0,sent,5.0,1648,1594,9,45,54,776
235,2.0,0.0,sent,5.0,1648,1594,9,45,54,1330
236,2.0,0.0,sent,5.0,1648,1594,9,45,54,586
237,2.0,0.0,sent,5.0,1648,1594,9,45,54,755
238,2.0,0.0,sent,5.0,1648,1594,9,45,54,553
239,2.0,0.0,sent,5.0,1648,1594,9,45,54,1691
240,2.0,0.0,sent,5.0,1648,1594,9,45,54,1232
241,2.0,0.0,sent,5.0,1648,1594,9,45,54,1382
242,2.0,0.0,sent,5.0,1648,1594,9,45,54,66
243,2.0,0.0,sent,5.0,1648,1594,9,45,54,428
244,4.0,0.0,sent,5.0,1648,1594,9,45,54,1558
245,2.0,0.0,sent,5.0,1648,1594,9,45,54,941
246,2.0,0.0,sent,5.0,1648,1594,9,45,54,1466
247,2.0,0.0,sent,5.0,1648,1594,9,45,54,983
248,2.0,0.0,sent,5.0,1648,1594,9,45,54,1472
249,2.0,0.0,sent,5.0,1648,1594,9,45,54,1417
250,2.0,0.0,sent,5.0,1648,1594,9,45,54,306
251,2.0,0.0,sent,5.0,1648,1594,9,45,54,86
252,2.0,0.0,sent,5.0,1648,1594,9,45,54,1284
253,2.0,0.0,sent,5.0,1648,1594,9,45,54,584
254,2.0,0.0,sent,5.0,1648,1594,9,45,54,643
255,2.0,0.0,sent,5.0,1648,1594,9,45,54,232
256,2.0,0.0,sent,5.0,1648,1594,9,45,54,1500
257,2.0,0.0,sent,5.0,1648,1594,9,45,54,847
258,2.0,0.0,sent,5.0,1648,1594,9,45,54,1344
259,2.0,0.0,sent,5.0,1648,1594,9,45,54,1313
260,2.0,0.0,sent,5.0,1648,1594,9,45,54,155
261,2.0,0.0,sent,5.0,1648,1594,9,45,54,601
262,2.0,0.0,sent,5.0,1648,1594,9,45,54,362
263,2.0,0.0,sent,5.0,1648,1594,9,45,54,1564
264,2.0,0.0,sent,5.0,1648,1594,9,45,54,1536
265,2.0,0.0,sent,5.0,1648,1594,9,45,54,1166
266,2.0,0.0,sent,5.0,1648,1594,9,45,54,1421
267,3.0,0.0,sent,5.0,1648,1594,9,45,54,183
268,2.0,0.0,sent,5.0,1648,1594,9,45,54,1308
269,2.0,0.0,sent,5.0,1648,1594,9,45,54,928
270,2.0,0.0,sent,5.0,1648,1594,9,45,54,1540
271,3.0,0.0,sent,5.0,1648,1594,9,45,54,51
272,2.0,0.0,sent,5.0,1648,1594,9,45,54,436
273,2.0,0.0,sent,5.0,1648,1594,9,45,54,370
274,2.0,0.0,sent,5.0,1648,1594,9,45,54,684
275,2.0,0.0,sent,5.0,1648,1594,9,45,54,1482
276,2.0,0.0,sent,5.0,1648,1594,9,45,54,1462
277,2.0,0.0,sent,5.0,1648,1594,9,45,54,245
278,2.0,0.0,sent,5.0,1648,1594,9,45,54,1559
279,2.0,0.0,sent,5.0,1648,1594,9,45,54,785
280,2.0,0.0,sent,5.0,1648,1594,9,45,54,651
281,2.0,0.0,sent,5.0,1648,1594,9,45,54,1082
282,2.0,0.0,sent,5.0,1648,1594,9,45,54,1528
283,2.0,0.0,sent,5.0,1648,1594,9,45,54,961
284,2.0,0.0,sent,5.0,1648,1594,9,45,54,1234
285,2.0,0.0,sent,5.0,1648,1594,9,45,54,487
286,2.0,0.0,sent,5.0,1648,1594,9,45,54,1415
287,2.0,0.0,sent,5.0,1648,1594,9,45,54,825
288,2.0,0.0,sent,5.0,1648,1594,9,45,54,20
289,2.0,0.0,sent,5.0,1648,1594,9,45,54,1285
290,2.0,0.0,sent,5.0,1648,1594,9,45,54,749
291,2.0,0.0,sent,5.0,1648,1594,9,45,54,1520
292,2.0,0.0,sent,5.0,1648,1594,9,45,54,931
293,2.0,0.0,sent,5.0,1648,1594,9,45,54,1416
294,2.0,0.0,sent,5.0,1648,1594,9,45,54,1109
295,2.0,0.0,sent,5.0,1648,1594,9,45,54,1227
296,2.0,0.0,sent,5.0,1648,1594,9,45,54,251
297,2.0,0.0,sent,5.0,1648,1594,9,45,54,1508
298,2.0,0.0,sent,5.0,1648,1594,9,45,54,679
299,2.0,0.0,sent,5.0,1648,1594,9,45,54,1569
300,3.0,0.0,sent,5.0,1648,1594,9,45,54,575
301,2.0,0.0,sent,5.0,1648,1594,9,45,54,819
302,2.0,0.0,sent,5.0,1648,1594,9,45,54,799
303,2.0,0.0,sent,5.0,1648,1594,9,45,54,666
304,2.0,0.0,sent,5.0,1648,1594,9,45,54,574
305,2.0,0.0,sent,5.0,1648,1594,9,45,54,962
306,2.0,0.0,sent,5.0,1648,1594,9,45,54,952
307,2.0,0.0,sent,5.0,1648,1594,9,45,54,1694
308,2.0,0.0,sent,5.0,1648,1594,9,45,54,1099
309,2.0,0.0,sent,5.0,1648,1594,9,45,54,145
310,2.0,0.0,sent,5.0,1648,1594,9,45,54,28
311,2.0,0.0,sent,5.0,1648,1594,9,45,54,1297
312,2.0,0.0,sent,5.0,1648,1594,9,45,54,1205
313,2.0,0.0,sent,5.0,1648,1594,9,45,54,856
314,2.0,0.0,sent,5.0,1648,1594,9,45,54,1476
315,2.0,0.0,sent,5.0,1648,1594,9,45,54,853
316,2.0,0.0,sent,5.0,1648,1594,9,45,54,1220
317,2.0,0.0,sent,5.0,1648,1594,9,45,54,818
318,2.0,0.0,sent,5.0,1648,1594,9,45,54,548
319,2.0,0.0,sent,5.0,1648,1594,9,45,54,1608
320,2.0,0.0,sent,5.0,1648,1594,9,45,54,364
321,2.0,0.0,sent,5.0,1648,1594,9,45,54,234
322,2.0,0.0,sent,5.0,1648,1594,9,45,54,1552
323,2.0,0.0,sent,5.0,1648,1594,9,45,54,312
324,2.0,0.0,sent,5.0,1648,1594,9,45,54,308
325,2.0,0.0,sent,5.0,1648,1594,9,45,54,1679
326,2.0,0.0,sent,5.0,1648,1594,9,45,54,806
327,2.0,0.0,sent,5.0,1648,1594,9,45,54,1209
328,2.0,0.0,sent,5.0,1648,1594,9,45,54,366
329,2.0,0.0,sent,5.0,1648,1594,9,45,54,1294
330,2.0,0.0,sent,5.0,1648,1594,9,45,54,1269
331,2.0,0.0,sent,5.0,1648,1594,9,45,54,30
332,1.0,0.0,sent,5.0,1648,1594,9,45,54,481
333,2.0,0.0,sent,5.0,1648,1594,9,45,54,1485
334,2.0,0.0,sent,5.0,1648,1594,9,45,54,1426
335,2.0,0.0,sent,5.0,1648,1594,9,45,54,701
336,2.0,0.0,sent,5.0,1648,1594,9,45,54,1247
337,2.0,0.0,sent,5.0,1648,1594,9,45,54,1295
338,2.0,0.0,sent,5.0,1648,1594,9,45,54,470
339,2.0,0.0,sent,5.0,1648,1594,9,45,54,512
340,2.0,0.0,sent,5.0,1648,1594,9,45,54,763
341,2.0,0.0,sent,5.0,1648,1594,9,45,54,865
342,2.0,0.0,sent,5.0,1648,1594,9,45,54,743
343,2.0,0.0,sent,5.0,1648,1594,9,45,54,23
344,2.0,0.0,sent,5.0,1648,1594,9,45,54,1362
345,2.0,0.0,sent,5.0,1648,1594,9,45,54,455
346,2.0,0.0,sent,5.0,1648,1594,9,45,54,1174
347,2.0,0.0,sent,5.0,1648,1594,9,45,54,1441
348,2.0,0.0,sent,5.0,1648,1594,9,45,54,546
349,2.0,0.0,sent,5.0,1648,1594,9,45,54,1390
350,2.0,0.0,sent,5.0,1648,1594,9,45,54,899
351,2.0,0.0,sent,5.0,1648,1594,9,45,54,872
352,2.0,0.0,sent,5.0,1648,1594,9,45,54,390
353,2.0,0.0,sent,5.0,1648,1594,9,45,54,1021
354,2.0,0.0,sent,5.0,1648,1594,9,45,54,408
355,4.0,0.0,sent,5.0,1648,1594,9,45,54,1400
356,2.0,0.0,sent,5.0,1648,1594,9,45,54,955
357,2.0,0.0,sent,5.0,1648,1594,9,45,54,303
358,3.0,0.0,sent,5.0,1648,1594,9,45,54,1592
359,3.0,0.0,sent,5.0,1648,1594,9,45,54,751
360,2.0,0.0,sent,5.0,1648,1594,9,45,54,1252
361,2.0,0.0,sent,5.0,1648,1594,9,45,54,1547
362,2.0,0.0,sent,5.0,1648,1594,9,45,54,786
363,2.0,0.0,sent,5.0,1648,1594,9,45,54,646
364,2.0,0.0,sent,5.0,1648,1594,9,45,54,1333
365,2.0,0.0,sent,5.0,1648,1594,9,45,54,1081
366,4.0,0.0,sent,5.0,1648,1594,9,45,54,352
367,3.0,0.0,sent,5.0,1648,1594,9,45,54,220
368,2.0,0.0,sent,5.0,1648,1594,9,45,54,544
369,3.0,0.0,sent,5.0,1648,1594,9,45,54,1585
370,2.0,0.0,sent,5.0,1648,1594,9,45,54,1687
371,2.0,0.0,sent,5.0,1648,1594,9,45,54,378
372,2.0,0.0,sent,5.0,1648,1594,9,45,54,893
373,2.0,0.0,sent,5.0,1648,1594,9,45,54,78
374,3.0,0.0,sent,5.0,1648,1594,9,45,54,1063
375,2.0,0.0,sent,5.0,1648,1594,9,45,54,1653
376,2.0,0.0,sent,5.0,1648,1594,9,45,54,276
377,2.0,0.0,sent,5.0,1648,1594,9,45,54,1274
378,2.0,0.0,sent,5.0,1648,1594,9,45,54,464
379,3.0,0.0,sent,5.0,1648,1594,9,45,54,188
380,2.0,0.0,sent,5.0,1648,1594,9,45,54,1188
381,2.0,0.0,sent,5.0,1648,1594,9,45,54,90
382,2.0,0.0,sent,5.0,1648,1594,9,45,54,1435
383,2.0,0.0,sent,5.0,1648,1594,9,45,54,682
384,3.0,0.0,sent,5.0,1648,1594,9,45,54,1484
385,2.0,0.0,sent,5.0,1648,1594,9,45,54,54
386,2.0,0.0,sent,5.0,1648,1594,9,45,54,1283
387,2.0,0.0,sent,5.0,1648,1594,9,45,54,609
388,3.0,0.0,sent,5.0,1648,1594,9,45,54,1287
389,2.0,0.0,sent,5.0,1648,1594,9,45,54,397
390,2.0,0.0,sent,5.0,1648,1594,9,45,54,26
391,2.0,0.0,sent,5.0,1648,1594,9,45,54,256
392,2.0,0.0,sent,5.0,1648,1594,9,45,54,273
393,2.0,0.0,sent,5.0,1648,1594,9,45,54,1524
394,2.0,0.0,sent,5.0,1648,1594,9,45,54,167
395,4.0,0.0,sent,5.0,1648,1594,9,45,54,540
396,2.0,0.0,sent,5.0,1648,1594,9,45,54,629
397,2.0,0.0,sent,5.0,1648,1594,9,45,54,736
398,2.0,0.0,sent,5.0,1648,1594,9,45,54,75
399,2.0,0.0,sent,5.0,1648,1594,9,45,54,425
400,2.0,0.0,sent,5.0,1648,1594,9,45,54,128
401,2.0,0.0,sent,5.0,1648,1594,9,45,54,821
402,2.0,0.0,sent,5.0,1648,1594,9,45,54,1577
403,3.0,0.0,sent,5.0,1648,1594,9,45,54,1519
404,3.0,0.0,sent,5.0,1648,1594,9,45,54,1065
405,2.0,0.0,sent,5.0,1648,1594,9,45,54,1479
406,2.0,0.0,sent,5.0,1648,1594,9,45,54,134
407,2.0,0.0,sent,5.0,1648,1594,9,45,54,1128
408,2.0,0.0,sent,5.0,1648,1594,9,45,54,1616
409,2.0,0.0,sent,5.0,1648,1594,9,45,54,1658
410,2.0,0.0,sent,5.0,1648,1594,9,45,54,1502
411,2.0,0.0,sent,5.0,1648,1594,9,45,54,1015
412,2.0,0.0,sent,5.0,1648,1594,9,45,54,703
413,2.0,0.0,sent,5.0,1648,1594,9,45,54,270
414,3.0,0.0,sent,5.0,1648,1594,9,45,54,769
415,2.0,0.0,sent,5.0,1648,1594,9,45,54,1331
416,2.0,0.0,sent,5.0,1648,1594,9,45,54,1634
417,2.0,0.0,sent,5.0,1648,1594,9,45,54,1208
418,2.0,0.0,sent,5.0,1648,1594,9,45,54,1072
419,2.0,0.0,sent,5.0,1648,1594,9,45,54,954
420,2.0,0.0,sent,5.0,1648,1594,9,45,54,1286
421,2.0,0.0,sent,5.0,1648,1594,9,45,54,658
422,2.0,0.0,sent,5.0,1648,1594,9,45,54,119
423,2.0,0.0,sent,5.0,1648,1594,9,45,54,820
424,2.0,0.0,sent,5.0,1648,1594,9,45,54,874
425,2.0,0.0,sent,5.0,1648,1594,9,45,54,933
426,2.0,0.0,sent,5.0,1648,1594,9,45,54,723
427,2.0,0.0,sent,5.0,1648,1594,9,45,54,788
428,2.0,0.0,sent,5.0,1648,1594,9,45,54,514
429,2.0,0.0,sent,5.0,1648,1594,9,45,54,444
430,2.0,0.0,sent,5.0,1648,1594,9,45,54,1413
431,2.0,0.0,sent,5.0,1648,1594,9,45,54,1003
432,2.0,0.0,sent,5.0,1648,1594,9,45,54,632
433,2.0,0.0,sent,5.0,1648,1594,9,45,54,391
434,2.0,0.0,sent,5.0,1648,1594,9,45,54,41
435,2.0,0.0,sent,5.0,1648,1594,9,45,54,1121
436,2.0,0.0,sent,5.0,1648,1594,9,45,54,1009
437,2.0,0.0,sent,5.0,1648,1594,9,45,54,1335
438,2.0,0.0,sent,5.0,1648,1594,9,45,54,1571
439,2.0,0.0,sent,5.0,1648,1594,9,45,54,529
440,2.0,0.0,sent,5.0,1648,1594,9,45,54,356
441,2.0,0.0,sent,5.0,1648,1594,9,45,54,1158
442,2.0,0.0,sent,5.0,1648,1594,9,45,54,1028
443,2.0,0.0,sent,5.0,1648,1594,9,45,54,68
444,2.0,0.0,sent,5.0,1648,1594,9,45,54,1244
445,2.0,0.0,sent,5.0,1648,1594,9,45,54,1127
446,2.0,0.0,sent,5.0,1648,1594,9,45,54,573
447,2.0,0.0,sent,5.0,1648,1594,9,45,54,849
448,2.0,0.0,sent,5.0,1648,1594,9,45,54,1114
449,2.0,0.0,sent,5.0,1648,1594,9,45,54,321
450,2.0,0.0,sent,5.0,1648,1594,9,45,54,1636
451,2.0,0.0,sent,5.0,1648,1594,9,45,54,1639
452,2.0,0.0,sent,5.0,1648,1594,9,45,54,67
453,2.0,0.0,sent,5.0,1648,1594,9,45,54,642
454,3.0,0.0,sent,5.0,1648,1594,9,45,54,1040
455,2.0,0.0,sent,5.0,1648,1594,9,45,54,873
456,2.0,0.0,sent,5.0,1648,1594,9,45,54,1317
457,3.0,0.0,sent,5.0,1648,1594,9,45,54,705
458,3.0,0.0,sent,5.0,1648,1594,9,45,54,405
459,2.0,0.0,sent,5.0,1648,1594,9,45,54,737
460,2.0,0.0,sent,5.0,1648,1594,9,45,54,121
461,2.0,0.0,sent,5.0,1648,1594,9,45,54,1403
462,2.0,0.0,sent,5.0,1648,1594,9,45,54,519
463,2.0,0.0,sent,5.0,1648,1594,9,45,54,1163
464,2.0,0.0,sent,5.0,1648,1594,9,45,54,1319
465,2.0,0.0,sent,5.0,1648,1594,9,45,54,190
466,2.0,0.0,sent,5.0,1648,1594,9,45,54,621
467,3.0,0.0,sent,5.0,1648,1594,9,45,54,1212
468,2.0,0.0,sent,5.0,1648,1594,9,45,54,1100
469,2.0,0.0,sent,5.0,1648,1594,9,45,54,1145
470,2.0,0.0,sent,5.0,1648,1594,9,45,54,1410
471,2.0,0.0,sent,5.0,1648,1594,9,45,54,1414
472,2.0,0.0,sent,5.0,1648,1594,9,45,54,1513
473,2.0,0.0,sent,5.0,1648,1594,9,45,54,830
474,2.0,0.0,sent,5.0,1648,1594,9,45,54,1176
475,3.0,0.0,sent,5.0,1648,1594,9,45,54,1609
476,2.0,0.0,sent,5.0,1648,1594,9,45,54,429
477,2.0,0.0,sent,5.0,1648,1594,9,45,54,1177
478,2.0,0.0,sent,5.0,1648,1594,9,45,54,285
479,2.0,0.0,sent,5.0,1648,1594,9,45,54,724
480,2.0,0.0,sent,5.0,1648,1594,9,45,54,595
481,2.0,0.0,sent,5.0,1648,1594,9,45,54,47
482,2.0,0.0,sent,5.0,1648,1594,9,45,54,195
483,4.0,0.0,sent,5.0,1648,1594,9,45,54,520
484,2.0,0.0,sent,5.0,1648,1594,9,45,54,283
485,2.0,0.0,sent,5.0,1648,1594,9,45,54,1146
486,2.0,0.0,sent,5.0,1648,1594,9,45,54,1637
487,2.0,0.0,sent,5.0,1648,1594,9,45,54,107
488,2.0,0.0,sent,5.0,1648,1594,9,45,54,6
489,2.0,0.0,sent,5.0,1648,1594,9,45,54,687
490,2.0,0.0,sent,5.0,1648,1594,9,45,54,191
491,2.0,0.0,sent,5.0,1648,1594,9,45,54,1368
492,2.0,0.0,sent,5.0,1648,1594,9,45,54,1300
493,2.0,0.0,sent,5.0,1648,1594,9,45,54,1666
494,2.0,0.0,sent,5.0,1648,1594,9,45,54,1464
495,2.0,0.0,sent,5.0,1648,1594,9,45,54,1582
496,3.0,0.0,sent,5.0,1648,1594,9,45,54,664
497,2.0,0.0,sent,5.0,1648,1594,9,45,54,1548
498,2.0,0.0,sent,5.0,1648,1594,9,45,54,1375
499,2.0,0.0,sent,5.0,1648,1594,9,45,54,412
500,2.0,0.0,sent,5.0,1648,1594,9,45,54,812
501,2.0,0.0,sent,5.0,1648,1594,9,45,54,926
502,2.0,0.0,sent,5.0,1648,1594,9,45,54,103
503,2.0,0.0,sent,5.0,1648,1594,9,45,54,671
504,3.0,0.0,sent,5.0,1648,1594,9,45,54,1594
505,2.0,0.0,sent,5.0,1648,1594,9,45,54,201
506,2.0,0.0,sent,5.0,1648,1594,9,45,54,530
507,2.0,0.0,sent,5.0,1648,1594,9,45,54,1662
508,2.0,0.0,sent,5.0,1648,1594,9,45,54,1610
509,2.0,0.0,sent,5.0,1648,1594,9,45,54,879
510,2.0,0.0,sent,5.0,1648,1594,9,45,54,1530
511,2.0,0.0,sent,5.0,1648,1594,9,45,54,829
512,2.0,0.0,sent,5.0,1648,1594,9,45,54,801
513,2.0,0.0,sent,5.0,1648,1594,9,45,54,1094
514,2.0,0.0,sent,5.0,1648,1594,9,45,54,1510
515,3.0,0.0,sent,5.0,1648,1594,9,45,54,918
516,2.0,0.0,sent,5.0,1648,1594,9,45,54,207
517,2.0,0.0,sent,5.0,1648,1594,9,45,54,628
518,2.0,0.0,sent,5.0,1648,1594,9,45,54,151
519,2.0,0.0,sent,5.0,1648,1594,9,45,54,277
520,2.0,0.0,sent,5.0,1648,1594,9,45,54,1324
521,2.0,0.0,sent,5.0,1648,1594,9,45,54,886
522,2.0,0.0,sent,5.0,1648,1594,9,45,54,1505
523,2.0,0.0,sent,5.0,1648,1594,9,45,54,686
524,2.0,0.0,sent,5.0,1648,1594,9,45,54,451
525,2.0,0.0,sent,5.0,1648,1594,9,45,54,410
526,2.0,0.0,sent,5.0,1648,1594,9,45,54,618
527,2.0,0.0,sent,5.0,1648,1594,9,45,54,331
528,2.0,0.0,sent,5.0,1648,1594,9,45,54,297
529,2.0,0.0,sent,5.0,1648,1594,9,45,54,813
530,2.0,0.0,sent,5.0,1648,1594,9,45,54,1225
531,2.0,0.0,sent,5.0,1648,1594,9,45,54,1173
532,2.0,0.0,sent,5.0,1648,1594,9,45,54,1673
533,2.0,0.0,sent,5.0,1648,1594,9,45,54,661
534,2.0,0.0,sent,5.0,1648,1594,9,45,54,599
535,2.0,0.0,sent,5.0,1648,1594,9,45,54,1693
536,2.0,0.0,sent,5.0,1648,1594,9,45,54,253
537,2.0,0.0,sent,5.0,1648,1594,9,45,54,880
538,2.0,0.0,sent,5.0,1648,1594,9,45,54,1343
539,2.0,0.0,sent,5.0,1648,1594,9,45,54,617
540,2.0,0.0,sent,5.0,1648,1594,9,45,54,302
541,2.0,0.0,sent,5.0,1648,1594,9,45,54,1433
542,2.0,0.0,sent,5.0,1648,1594,9,45,54,474
543,2.0,0.0,sent,5.0,1648,1594,9,45,54,580
544,3.0,0.0,sent,5.0,1648,1594,9,45,54,248
545,3.0,0.0,sent,5.0,1648,1594,9,45,54,475
546,2.0,0.0,sent,5.0,1648,1594,9,45,54,624
547,2.0,0.0,sent,5.0,1648,1594,9,45,54,1044
548,2.0,0.0,sent,5.0,1648,1594,9,45,54,263
549,2.0,0.0,sent,5.0,1648,1594,9,45,54,411
550,2.0,0.0,sent,5.0,1648,1594,9,45,54,124
551,2.0,0.0,sent,5.0,1648,1594,9,45,54,924
552,2.0,0.0,sent,5.0,1648,1594,9,45,54,920
553,2.0,0.0,sent,5.0,1648,1594,9,45,54,697
554,2.0,0.0,sent,5.0,1648,1594,9,45,54,1118
555,2.0,0.0,sent,5.0,1648,1594,9,45,54,1483
556,2.0,0.0,sent,5.0,1648,1594,9,45,54,905
557,2.0,0.0,sent,5.0,1648,1594,9,45,54,65
558,2.0,0.0,sent,5.0,1648,1594,9,45,54,221
559,2.0,0.0,sent,5.0,1648,1594,9,45,54,258
560,2.0,0.0,sent,5.0,1648,1594,9,45,54,482
561,2.0,0.0,sent,5.0,1648,1594,9,45,54,1450
562,2.0,0.0,sent,5.0,1648,1594,9,45,54,765
563,2.0,0.0,sent,5.0,1648,1594,9,45,54,869
564,2.0,0.0,sent,5.0,1648,1594,9,45,54,1213
565,2.0,0.0,sent,5.0,1648,1594,9,45,54,1103
566,3.0,0.0,sent,5.0,1648,1594,9,45,54,1110
567,2.0,0.0,sent,5.0,1648,1594,9,45,54,1567
568,2.0,0.0,sent,5.0,1648,1594,9,45,54,92
569,2.0,0.0,sent,5.0,1648,1594,9,45,54,457
570,2.0,0.0,sent,5.0,1648,1594,9,45,54,1474
571,2.0,0.0,sent,5.0,1648,1594,9,45,54,89
572,2.0,0.0,sent,5.0,1648,1594,9,45,54,885
573,3.0,0.0,sent,5.0,1648,1594,9,45,54,488
574,2.0,0.0,sent,5.0,1648,1594,9,45,54,206
575,2.0,0.0,sent,5.0,1648,1594,9,45,54,1239
576,2.0,0.0,sent,5.0,1648,1594,9,45,54,73
577,2.0,0.0,sent,5.0,1648,1594,9,45,54,750
578,4.0,0.0,sent,5.0,1648,1594,9,45,54,1320
579,2.0,0.0,sent,5.0,1648,1594,9,45,54,660
580,2.0,0.0,sent,5.0,1648,1594,9,45,54,162
581,2.0,0.0,sent,5.0,1648,1594,9,45,54,757
582,2.0,0.0,sent,5.0,1648,1594,9,45,54,700
583,2.0,0.0,sent,5.0,1648,1594,9,45,54,774
584,2.0,0.0,sent,5.0,1648,1594,9,45,54,13
585,2.0,0.0,sent,5.0,1648,1594,9,45,54,1112
586,2.0,0.0,sent,5.0,1648,1594,9,45,54,497
587,2.0,0.0,sent,5.0,1648,1594,9,45,54,826
588,2.0,0.0,sent,5.0,1648,1594,9,45,54,1642
589,2.0,0.0,sent,5.0,1648,1594,9,45,54,150
590,2.0,0.0,sent,5.0,1648,1594,9,45,54,1156
591,2.0,0.0,sent,5.0,1648,1594,9,45,54,555
592,2.0,0.0,sent,5.0,1648,1594,9,45,54,675
593,2.0,0.0,sent,5.0,1648,1594,9,45,54,1179
594,2.0,0.0,sent,5.0,1648,1594,9,45,54,1620
595,2.0,0.0,sent,5.0,1648,1594,9,45,54,1237
596,2.0,0.0,sent,5.0,1648,1594,9,45,54,974
597,2.0,0.0,sent,5.0,1648,1594,9,45,54,1276
598,2.0,0.0,sent,5.0,1648,1594,9,45,54,1106
599,2.0,0.0,sent,5.0,1648,1594,9,45,54,423
600,2.0,0.0,sent,5.0,1648,1594,9,45,54,1236
601,2.0,0.0,sent,5.0,1648,1594,9,45,54,1042
602,2.0,0.0,sent,5.0,1648,1594,9,45,54,1180
603,2.0,0.0,sent,5.0,1648,1594,9,45,54,147
604,2.0,0.0,sent,5.0,1648,1594,9,45,54,133
605,2.0,0.0,sent,5.0,1648,1594,9,45,54,1689
606,2.0,0.0,sent,5.0,1648,1594,9,45,54,1412
607,3.0,0.0,sent,5.0,1648,1594,9,45,54,1338
608,2.0,0.0,sent,5.0,1648,1594,9,45,54,463
609,2.0,0.0,sent,5.0,1648,1594,9,45,54,1120
610,2.0,0.0,sent,5.0,1648,1594,9,45,54,525
611,2.0,0.0,sent,5.0,1648,1594,9,45,54,1677
612,2.0,0.0,sent,5.0,1648,1594,9,45,54,1477
613,2.0,0.0,sent,5.0,1648,1594,9,45,54,1539
614,2.0,0.0,sent,5.0,1648,1594,9,45,54,1020
615,2.0,0.0,sent,5.0,1648,1594,9,45,54,1542
616,2.0,0.0,sent,5.0,1648,1594,9,45,54,1586
617,2.0,0.0,sent,5.0,1648,1594,9,45,54,845
618,2.0,0.0,sent,5.0,1648,1594,9,45,54,783
619,2.0,0.0,sent,5.0,1648,1594,9,45,54,472
620,2.0,0.0,sent,5.0,1648,1594,9,45,54,432
621,2.0,0.0,sent,5.0,1648,1594,9,45,54,1055
622,2.0,0.0,sent,5.0,1648,1594,9,45,54,1159
623,2.0,0.0,sent,5.0,1648,1594,9,45,54,393
624,2.0,0.0,sent,5.0,1648,1594,9,45,54,1264
625,2.0,0.0,sent,5.0,1648,1594,9,45,54,1398
626,2.0,0.0,sent,5.0,1648,1594,9,45,54,395
627,2.0,0.0,sent,5.0,1648,1594,9,45,54,698
628,2.0,0.0,sent,5.0,1648,1594,9,45,54,1144
629,2.0,0.0,sent,5.0,1648,1594,9,45,54,1030
630,2.0,0.0,sent,5.0,1648,1594,9,45,54,1181
631,2.0,0.0,sent,5.0,1648,1594,9,45,54,11
632,2.0,0.0,sent,5.0,1648,1594,9,45,54,1002
633,2.0,0.0,sent,5.0,1648,1594,9,45,54,1591
634,2.0,0.0,sent,5.0,1648,1594,9,45,54,1022
635,2.0,0.0,sent,5.0,1648,1594,9,45,54,630
636,4.0,0.0,sent,5.0,1648,1594,9,45,54,97
637,2.0,0.0,sent,5.0,1648,1594,9,45,54,1192
638,3.0,0.0,sent,5.0,1648,1594,9,45,54,1194
639,2.0,0.0,sent,5.0,1648,1594,9,45,54,803
640,2.0,0.0,sent,5.0,1648,1594,9,45,54,400
641,2.0,0.0,sent,5.0,1648,1594,9,45,54,498
642,2.0,0.0,sent,5.0,1648,1594,9,45,54,1290
643,2.0,0.0,sent,5.0,1648,1594,9,45,54,458
644,2.0,0.0,sent,5.0,1648,1594,9,45,54,205
645,2.0,0.0,sent,5.0,1648,1594,9,45,54,1332
646,2.0,0.0,sent,5.0,1648,1594,9,45,54,1667
647,2.0,0.0,sent,5.0,1648,1594,9,45,54,394
648,2.0,0.0,sent,5.0,1648,1594,9,45,54,111
649,2.0,0.0,sent,5.0,1648,1594,9,45,54,811
650,2.0,0.0,sent,5.0,1648,1594,9,45,54,1315
651,2.0,0.0,sent,5.0,1648,1594,9,45,54,1506
652,2.0,0.0,sent,5.0,1648,1594,9,45,54,1630
653,2.0,0.0,sent,5.0,1648,1594,9,45,54,1301
654,2.0,0.0,sent,5.0,1648,1594,9,45,54,1052
655,2.0,0.0,sent,5.0,1648,1594,9,45,54,1675
656,2.0,0.0,sent,5.0,1648,1594,9,45,54,1045
657,2.0,0.0,sent,5.0,1648,1594,9,45,54,1602
658,2.0,0.0,sent,5.0,1648,1594,9,45,54,1650
659,3.0,0.0,sent,5.0,1648,1594,9,45,54,208
660,2.0,0.0,sent,5.0,1648,1594,9,45,54,345
661,2.0,0.0,sent,5.0,1648,1594,9,45,54,739
662,2.0,0.0,sent,5.0,1648,1594,9,45,54,911
663,2.0,0.0,sent,5.0,1648,1594,9,45,54,1207
664,2.0,0.0,sent,5.0,1648,1594,9,45,54,569
665,2.0,0.0,sent,5.0,1648,1594,9,45,54,1266
666,2.0,0.0,sent,5.0,1648,1594,9,45,54,916
667,2.0,0.0,sent,5.0,1648,1594,9,45,54,823
668,2.0,0.0,sent,5.0,1648,1594,9,45,54,456
669,3.0,0.0,sent,5.0,1648,1594,9,45,54,372
670,2.0,0.0,sent,5.0,1648,1594,9,45,54,314
671,2.0,0.0,sent,5.0,1648,1594,9,45,54,71
672,2.0,0.0,sent,5.0,1648,1594,9,45,54,181
673,2.0,0.0,sent,5.0,1648,1594,9,45,54,1562
674,2.0,0.0,sent,5.0,1648,1594,9,45,54,380
675,2.0,0.0,sent,5.0,1648,1594,9,45,54,288
676,2.0,0.0,sent,5.0,1648,1594,9,45,54,178
677,2.0,0.0,sent,5.0,1648,1594,9,45,54,980
678,2.0,0.0,sent,5.0,1648,1594,9,45,54,1184
679,4.0,0.0,sent,5.0,1648,1594,9,45,54,1250
680,2.0,0.0,sent,5.0,1648,1594,9,45,54,1475
681,2.0,0.0,sent,5.0,1648,1594,9,45,54,652
682,2.0,0.0,sent,5.0,1648,1594,9,45,54,641
683,2.0,0.0,sent,5.0,1648,1594,9,45,54,1242
684,2.0,0.0,sent,5.0,1648,1594,9,45,54,1289
685,2.0,0.0,sent,5.0,1648,1594,9,45,54,1034
686,2.0,0.0,sent,5.0,1648,1594,9,45,54,1140
687,2.0,0.0,sent,5.0,1648,1594,9,45,54,492
688,2.0,0.0,sent,5.0,1648,1594,9,45,54,665
689,2.0,0.0,sent,5.0,1648,1594,9,45,54,105
690,2.0,0.0,sent,5.0,1648,1594,9,45,54,22
691,2.0,0.0,sent,5.0,1648,1594,9,45,54,694
692,2.0,0.0,sent,5.0,1648,1594,9,45,54,674
693,2.0,0.0,sent,5.0,1648,1594,9,45,54,265
694,2.0,0.0,sent,5.0,1648,1594,9,45,54,795
695,2.0,0.0,sent,5.0,1648,1594,9,45,54,837
696,2.0,0.0,sent,5.0,1648,1594,9,45,54,1656
697,2.0,0.0,sent,5.0,1648,1594,9,45,54,1603
698,1.0,0.0,sent,5.0,1648,1594,9,45,54,1249
699,2.0,0.0,sent,5.0,1648,1594,9,45,54,654
700,3.0,0.0,sent,5.0,1648,1594,9,45,54,422
701,2.0,0.0,sent,5.0,1648,1594,9,45,54,171
702,2.0,0.0,sent,5.0,1648,1594,9,45,54,1004
703,2.0,0.0,sent,5.0,1648,1594,9,45,54,341
704,2.0,0.0,sent,5.0,1648,1594,9,45,54,349
705,2.0,0.0,sent,5.0,1648,1594,9,45,54,268
706,2.0,0.0,sent,5.0,1648,1594,9,45,54,435
707,2.0,0.0,sent,5.0,1648,1594,9,45,54,159
708,2.0,0.0,sent,5.0,1648,1594,9,45,54,450
709,2.0,0.0,sent,5.0,1648,1594,9,45,54,1187
710,2.0,0.0,sent,5.0,1648,1594,9,45,54,662
711,2.0,0.0,sent,5.0,1648,1594,9,45,54,1316
712,2.0,0.0,sent,5.0,1648,1594,9,45,54,831
713,2.0,0.0,sent,5.0,1648,1594,9,45,54,209
714,2.0,0.0,sent,5.0,1648,1594,9,45,54,1549
715,2.0,0.0,sent,5.0,1648,1594,9,45,54,699
716,3.0,0.0,sent,5.0,1648,1594,9,45,54,169
717,2.0,0.0,sent,5.0,1648,1594,9,45,54,1337
718,2.0,0.0,sent,5.0,1648,1594,9,45,54,576
719,2.0,0.0,sent,5.0,1648,1594,9,45,54,1115
720,2.0,0.0,sent,5.0,1648,1594,9,45,54,484
721,2.0,0.0,sent,5.0,1648,1594,9,45,54,1432
722,2.0,0.0,sent,5.0,1648,1594,9,45,54,1018
723,2.0,0.0,sent,5.0,1648,1594,9,45,54,518
724,4.0,0.0,sent,5.0,1648,1594,9,45,54,211
725,2.0,0.0,sent,5.0,1648,1594,9,45,54,622
726,2.0,0.0,sent,5.0,1648,1594,9,45,54,446
727,2.0,0.0,sent,5.0,1648,1594,9,45,54,1659
728,2.0,0.0,sent,5.0,1648,1594,9,45,54,14
729,2.0,0.0,sent,5.0,1648,1594,9,45,54,165
730,2.0,0.0,sent,5.0,1648,1594,9,45,54,10
731,2.0,0.0,sent,5.0,1648,1594,9,45,54,383
732,3.0,0.0,sent,5.0,1648,1594,9,45,54,790
733,2.0,0.0,sent,5.0,1648,1594,9,45,54,754
734,3.0,0.0,sent,5.0,1648,1594,9,45,54,173
735,2.0,0.0,sent,5.0,1648,1594,9,45,54,1161
736,2.0,0.0,sent,5.0,1648,1594,9,45,54,549
737,2.0,0.0,sent,5.0,1648,1594,9,45,54,1171
738,2.0,0.0,sent,5.0,1648,1594,9,45,54,255
739,2.0,0.0,sent,5.0,1648,1594,9,45,54,1638
740,3.0,0.0,sent,5.0,1648,1594,9,45,54,1457
741,1.0,0.0,sent,5.0,1648,1594,9,45,54,764
742,2.0,0.0,sent,5.0,1648,1594,9,45,54,1434
743,2.0,0.0,sent,5.0,1648,1594,9,45,54,634
744,2.0,0.0,sent,5.0,1648,1594,9,45,54,668
745,2.0,0.0,sent,5.0,1648,1594,9,45,54,1627
746,2.0,0.0,sent,5.0,1648,1594,9,45,54,459
747,2.0,0.0,sent,5.0,1648,1594,9,45,54,1050
748,2.0,0.0,sent,5.0,1648,1594,9,45,54,329
749,2.0,0.0,sent,5.0,1648,1594,9,45,54,1076
750,2.0,0.0,sent,5.0,1648,1594,9,45,54,1684
751,2.0,0.0,sent,5.0,1648,1594,9,45,54,58
752,2.0,0.0,sent,5.0,1648,1594,9,45,54,1165
753,2.0,0.0,sent,5.0,1648,1594,9,45,54,290
754,2.0,0.0,sent,5.0,1648,1594,9,45,54,1575
755,2.0,0.0,sent,5.0,1648,1594,9,45,54,3
756,2.0,0.0,sent,5.0,1648,1594,9,45,54,1084
757,2.0,0.0,sent,5.0,1648,1594,9,45,54,995
758,2.0,0.0,sent,5.0,1648,1594,9,45,54,585
759,2.0,0.0,sent,5.0,1648,1594,9,45,54,1550
760,3.0,0.0,sent,5.0,1648,1594,9,45,54,1329
761,2.0,0.0,sent,5.0,1648,1594,9,45,54,1255
762,3.0,0.0,sent,5.0,1648,1594,9,45,54,427
763,2.0,0.0,sent,5.0,1648,1594,9,45,54,1676
764,2.0,0.0,sent,5.0,1648,1594,9,45,54,1411
765,2.0,0.0,sent,5.0,1648,1594,9,45,54,915
766,3.0,0.0,sent,5.0,1648,1594,9,45,54,1544
767,2.0,0.0,sent,5.0,1648,1594,9,45,54,1057
768,2.0,0.0,sent,5.0,1648,1594,9,45,54,914
769,2.0,0.0,sent,5.0,1648,1594,9,45,54,120
770,2.0,0.0,sent,5.0,1648,1594,9,45,54,676
771,2.0,0.0,sent,5.0,1648,1594,9,45,54,371
772,3.0,0.0,sent,5.0,1648,1594,9,45,54,1198
773,2.0,0.0,sent,5.0,1648,1594,9,45,54,883
774,2.0,0.0,sent,5.0,1648,1594,9,45,54,695
775,2.0,0.0,sent,5.0,1648,1594,9,45,54,1369
776,2.0,0.0,sent,5.0,1648,1594,9,45,54,789
777,2.0,0.0,sent,5.0,1648,1594,9,45,54,246
778,2.0,0.0,sent,5.0,1648,1594,9,45,54,895
779,2.0,0.0,sent,5.0,1648,1594,9,45,54,1473
780,2.0,0.0,sent,5.0,1648,1594,9,45,54,1578
781,2.0,0.0,sent,5.0,1648,1594,9,45,54,16
782,2.0,0.0,sent,5.0,1648,1594,9,45,54,185
783,2.0,0.0,sent,5.0,1648,1594,9,45,54,39
784,2.0,0.0,sent,5.0,1648,1594,9,45,54,1533
785,2.0,0.0,sent,5.0,1648,1594,9,45,54,1463
786,2.0,0.0,sent,5.0,1648,1594,9,45,54,81
787,2.0,0.0,sent,5.0,1648,1594,9,45,54,439
788,2.0,0.0,sent,5.0,1648,1594,9,45,54,1557
789,2.0,0.0,sent,5.0,1648,1594,9,45,54,991
790,2.0,0.0,sent,5.0,1648,1594,9,45,54,702
791,2.0,0.0,sent,5.0,1648,1594,9,45,54,1469
792,2.0,0.0,sent,5.0,1648,1594,9,45,54,281
793,2.0,0.0,sent,5.0,1648,1594,9,45,54,262
794,1.0,0.0,sent,5.0,1648,1594,9,45,54,1326
795,2.0,0.0,sent,5.0,1648,1594,9,45,54,993
796,2.0,0.0,sent,5.0,1648,1594,9,45,54,968
797,2.0,0.0,sent,5.0,1648,1594,9,45,54,182
798,3.0,0.0,sent,5.0,1648,1594,9,45,54,1422
799,2.0,0.0,sent,5.0,1648,1594,9,45,54,388
800,2.0,0.0,sent,5.0,1648,1594,9,45,54,929
801,2.0,0.0,sent,5.0,1648,1594,9,45,54,1152
802,2.0,0.0,sent,5.0,1648,1594,9,45,54,320
803,2.0,0.0,sent,5.0,1648,1594,9,45,54,897
804,2.0,0.0,sent,5.0,1648,1594,9,45,54,989
805,2.0,0.0,sent,5.0,1648,1594,9,45,54,469
806,2.0,0.0,sent,5.0,1648,1594,9,45,54,1193
807,2.0,0.0,sent,5.0,1648,1594,9,45,54,1131
808,2.0,0.0,sent,5.0,1648,1594,9,45,54,863
809,3.0,0.0,sent,5.0,1648,1594,9,45,54,1374
810,2.0,0.0,sent,5.0,1648,1594,9,45,54,1071
811,2.0,0.0,sent,5.0,1648,1594,9,45,54,948
812,2.0,0.0,sent,5.0,1648,1594,9,45,54,1465
813,2.0,0.0,sent,5.0,1648,1594,9,45,54,554
814,2.0,0.0,sent,5.0,1648,1594,9,45,54,38
815,2.0,0.0,sent,5.0,1648,1594,9,45,54,1692
816,3.0,0.0,sent,5.0,1648,1594,9,45,54,1619
817,2.0,0.0,sent,5.0,1648,1594,9,45,54,1206
818,2.0,0.0,sent,5.0,1648,1594,9,45,54,344
819,2.0,0.0,sent,5.0,1648,1594,9,45,54,1386
820,2.0,0.0,sent,5.0,1648,1594,9,45,54,988
821,3.0,0.0,sent,5.0,1648,1594,9,45,54,280
822,2.0,0.0,sent,5.0,1648,1594,9,45,54,1489
823,2.0,0.0,sent,5.0,1648,1594,9,45,54,950
824,2.0,0.0,sent,5.0,1648,1594,9,45,54,1108
825,2.0,0.0,sent,5.0,1648,1594,9,45,54,1350
826,2.0,0.0,sent,5.0,1648,1594,9,45,54,1604
827,3.0,0.0,sent,5.0,1648,1594,9,45,54,1601
828,2.0,0.0,sent,5.0,1648,1594,9,45,54,212
829,2.0,0.0,sent,5.0,1648,1594,9,45,54,433
830,2.0,0.0,sent,5.0,1648,1594,9,45,54,460
831,2.0,0.0,sent,5.0,1648,1594,9,45,54,473
832,3.0,0.0,sent,5.0,1648,1594,9,45,54,930
833,2.0,0.0,sent,5.0,1648,1594,9,45,54,1438
834,2.0,0.0,sent,5.0,1648,1594,9,45,54,1376
835,2.0,0.0,sent,5.0,1648,1594,9,45,54,726
836,3.0,0.0,sent,5.0,1648,1594,9,45,54,572
837,2.0,0.0,sent,5.0,1648,1594,9,45,54,419
838,2.0,0.0,sent,5.0,1648,1594,9,45,54,878
839,2.0,0.0,sent,5.0,1648,1594,9,45,54,218
840,2.0,0.0,sent,5.0,1648,1594,9,45,54,1060
841,2.0,0.0,sent,5.0,1648,1594,9,45,54,1019
842,2.0,0.0,sent,5.0,1648,1594,9,45,54,1349
843,2.0,0.0,sent,5.0,1648,1594,9,45,54,1669
844,2.0,0.0,sent,5.0,1648,1594,9,45,54,184
845,3.0,0.0,sent,5.0,1648,1594,9,45,54,797
846,2.0,0.0,sent,5.0,1648,1594,9,45,54,1525
847,2.0,0.0,sent,5.0,1648,1594,9,45,54,1529
848,2.0,0.0,sent,5.0,1648,1594,9,45,54,972
849,2.0,0.0,sent,5.0,1648,1594,9,45,54,440
850,2.0,0.0,sent,5.0,1648,1594,9,45,54,907
851,2.0,0.0,sent,5.0,1648,1594,9,45,54,1383
852,3.0,0.0,sent,5.0,1648,1594,9,45,54,1596
853,2.0,0.0,sent,5.0,1648,1594,9,45,54,274
854,2.0,0.0,sent,5.0,1648,1594,9,45,54,798
855,2.0,0.0,sent,5.0,1648,1594,9,45,54,690
856,2.0,0.0,sent,5.0,1648,1594,9,45,54,387
857,2.0,0.0,sent,5.0,1648,1594,9,45,54,1431
858,3.0,0.0,sent,5.0,1648,1594,9,45,54,708
859,2.0,0.0,sent,5.0,1648,1594,9,45,54,971
860,2.0,0.0,sent,5.0,1648,1594,9,45,54,1304
861,2.0,0.0,sent,5.0,1648,1594,9,45,54,225
862,2.0,0.0,sent,5.0,1648,1594,9,45,54,824
863,2.0,0.0,sent,5.0,1648,1594,9,45,54,1406
864,2.0,0.0,sent,5.0,1648,1594,9,45,54,970
865,2.0,0.0,sent,5.0,1648,1594,9,45,54,714
866,2.0,0.0,sent,5.0,1648,1594,9,45,54,1353
867,2.0,0.0,sent,5.0,1648,1594,9,45,54,732
868,2.0,0.0,sent,5.0,1648,1594,9,45,54,773
869,2.0,0.0,sent,5.0,1648,1594,9,45,54,936
870,2.0,0.0,sent,5.0,1648,1594,9,45,54,1141
871,2.0,0.0,sent,5.0,1648,1594,9,45,54,960
872,2.0,0.0,sent,5.0,1648,1594,9,45,54,1512
873,2.0,0.0,sent,5.0,1648,1594,9,45,54,947
874,2.0,0.0,sent,5.0,1648,1594,9,45,54,1268
875,2.0,0.0,sent,5.0,1648,1594,9,45,54,844
876,2.0,0.0,sent,5.0,1648,1594,9,45,54,1023
877,2.0,0.0,sent,5.0,1648,1594,9,45,54,741
878,2.0,0.0,sent,5.0,1648,1594,9,45,54,1122
879,2.0,0.0,sent,5.0,1648,1594,9,45,54,1532
880,2.0,0.0,sent,5.0,1648,1594,9,45,54,1614
881,2.0,0.0,sent,5.0,1648,1594,9,45,54,300
882,2.0,0.0,sent,5.0,1648,1594,9,45,54,1420
883,2.0,0.0,sent,5.0,1648,1594,9,45,54,1033
884,2.0,0.0,sent,5.0,1648,1594,9,45,54,645
885,2.0,0.0,sent,5.0,1648,1594,9,45,54,453
886,2.0,0.0,sent,5.0,1648,1594,9,45,54,1185
887,2.0,0.0,sent,5.0,1648,1594,9,45,54,5
888,2.0,0.0,sent,5.0,1648,1594,9,45,54,1235
889,3.0,0.0,sent,5.0,1648,1594,9,45,54,1635
890,2.0,0.0,sent,5.0,1648,1594,9,45,54,1302
891,2.0,0.0,sent,5.0,1648,1594,9,45,54,761
892,2.0,0.0,sent,5.0,1648,1594,9,45,54,485
893,1.0,0.0,sent,5.0,1648,1594,9,45,54,1309
894,2.0,0.0,sent,5.0,1648,1594,9,45,54,424
895,2.0,0.0,sent,5.0,1648,1594,9,45,54,1058
896,2.0,0.0,sent,5.0,1648,1594,9,45,54,1491
897,2.0,0.0,sent,5.0,1648,1594,9,45,54,1371
898,2.0,0.0,sent,5.0,1648,1594,9,45,54,1296
899,2.0,0.0,sent,5.0,1648,1594,9,45,54,710
900,2.0,0.0,sent,5.0,1648,1594,9,45,54,194
901,2.0,0.0,sent,5.0,1648,1594,9,45,54,1372
902,2.0,0.0,sent,5.0,1648,1594,9,45,54,577
903,2.0,0.0,sent,5.0,1648,1594,9,45,54,781
904,2.0,0.0,sent,5.0,1648,1594,9,45,54,606
905,3.0,0.0,sent,5.0,1648,1594,9,45,54,1104
906,2.0,0.0,sent,5.0,1648,1594,9,45,54,792
907,2.0,0.0,sent,5.0,1648,1594,9,45,54,1083
908,2.0,0.0,sent,5.0,1648,1594,9,45,54,1260
909,2.0,0.0,sent,5.0,1648,1594,9,45,54,1359
910,3.0,0.0,sent,5.0,1648,1594,9,45,54,1202
911,2.0,0.0,sent,5.0,1648,1594,9,45,54,1556
912,2.0,0.0,sent,5.0,1648,1594,9,45,54,1224
913,2.0,0.0,sent,5.0,1648,1594,9,45,54,836
914,2.0,0.0,sent,5.0,1648,1594,9,45,54,1517
915,2.0,0.0,sent,5.0,1648,1594,9,45,54,547
916,2.0,0.0,sent,5.0,1648,1594,9,45,54,19
917,2.0,0.0,sent,5.0,1648,1594,9,45,54,61
918,2.0,0.0,sent,5.0,1648,1594,9,45,54,1401
919,2.0,0.0,sent,5.0,1648,1594,9,45,54,466
920,2.0,0.0,sent,5.0,1648,1594,9,45,54,296
921,2.0,0.0,sent,5.0,1648,1594,9,45,54,1086
922,2.0,0.0,sent,5.0,1648,1594,9,45,54,357
923,2.0,0.0,sent,5.0,1648,1594,9,45,54,611
924,2.0,0.0,sent,5.0,1648,1594,9,45,54,937
925,2.0,0.0,sent,5.0,1648,1594,9,45,54,1429
926,2.0,0.0,sent,5.0,1648,1594,9,45,54,649
927,2.0,0.0,sent,5.0,1648,1594,9,45,54,852
928,2.0,0.0,sent,5.0,1648,1594,9,45,54,1360
929,2.0,0.0,sent,5.0,1648,1594,9,45,54,1654
930,2.0,0.0,sent,5.0,1648,1594,9,45,54,1325
931,2.0,0.0,sent,5.0,1648,1594,9,45,54,1107
932,2.0,0.0,sent,5.0,1648,1594,9,45,54,1035
933,2.0,0.0,sent,5.0,1648,1594,9,45,54,1096
934,2.0,0.0,sent,5.0,1648,1594,9,45,54,1531
935,2.0,0.0,sent,5.0,1648,1594,9,45,54,243
936,2.0,0.0,sent,5.0,1648,1594,9,45,54,8
937,2.0,0.0,sent,5.0,1648,1594,9,45,54,551
938,2.0,0.0,sent,5.0,1648,1594,9,45,54,1130
939,2.0,0.0,sent,5.0,1648,1594,9,45,54,37
940,2.0,0.0,sent,5.0,1648,1594,9,45,54,1461
941,2.0,0.0,sent,5.0,1648,1594,9,45,54,1278
942,2.0,0.0,sent,5.0,1648,1594,9,45,54,342
943,2.0,0.0,sent,5.0,1648,1594,9,45,54,50
944,2.0,0.0,sent,5.0,1648,1594,9,45,54,538
945,2.0,0.0,sent,5.0,1648,1594,9,45,54,1526
946,2.0,0.0,sent,5.0,1648,1594,9,45,54,613
947,2.0,0.0,sent,5.0,1648,1594,9,45,54,1111
948,2.0,0.0,sent,5.0,1648,1594,9,45,54,1538
949,2.0,0.0,sent,5.0,1648,1594,9,45,54,237
950,2.0,0.0,sent,5.0,1648,1594,9,45,54,944
951,2.0,0.0,sent,5.0,1648,1594,9,45,54,325
952,2.0,0.0,sent,5.0,1648,1594,9,45,54,114
953,2.0,0.0,sent,5.0,1648,1594,9,45,54,1125
954,2.0,0.0,sent,5.0,1648,1594,9,45,54,200
955,2.0,0.0,sent,5.0,1648,1594,9,45,54,834
956,2.0,0.0,sent,5.0,1648,1594,9,45,54,1327
957,2.0,0.0,sent,5.0,1648,1594,9,45,54,127
958,2.0,0.0,sent,5.0,1648,1594,9,45,54,363
959,3.0,0.0,sent,5.0,1648,1594,9,45,54,1124
960,2.0,0.0,sent,5.0,1648,1594,9,45,54,1259
961,2.0,0.0,sent,5.0,1648,1594,9,45,54,192
962,2.0,0.0,sent,5.0,1648,1594,9,45,54,1182
963,2.0,0.0,sent,5.0,1648,1594,9,45,54,740
964,2.0,0.0,sent,5.0,1648,1594,9,45,54,1233
965,2.0,0.0,sent,5.0,1648,1594,9,45,54,953
966,2.0,0.0,sent,5.0,1648,1594,9,45,54,148
967,2.0,0.0,sent,5.0,1648,1594,9,45,54,1119
968,3.0,0.0,sent,5.0,1648,1594,9,45,54,462
969,2.0,0.0,sent,5.0,1648,1594,9,45,54,839
970,2.0,0.0,sent,5.0,1648,1594,9,45,54,1123
971,3.0,0.0,sent,5.0,1648,1594,9,45,54,1674
972,2.0,0.0,sent,5.0,1648,1594,9,45,54,443
973,3.0,0.0,sent,5.0,1648,1594,9,45,54,275
974,2.0,0.0,sent,5.0,1648,1594,9,45,54,903
975,2.0,0.0,sent,5.0,1648,1594,9,45,54,1358
976,2.0,0.0,sent,5.0,1648,1594,9,45,54,590
977,3.0,0.0,sent,5.0,1648,1594,9,45,54,677
978,2.0,0.0,sent,5.0,1648,1594,9,45,54,891
979,3.0,0.0,sent,5.0,1648,1594,9,45,54,260
980,2.0,0.0,sent,5.0,1648,1594,9,45,54,1595
981,2.0,0.0,sent,5.0,1648,1594,9,45,54,1075
982,2.0,0.0,sent,5.0,1648,1594,9,45,54,115
983,2.0,0.0,sent,5.0,1648,1594,9,45,54,382
984,2.0,0.0,sent,5.0,1648,1594,9,45,54,909
985,2.0,0.0,sent,5.0,1648,1594,9,45,54,316
986,2.0,0.0,sent,5.0,1648,1594,9,45,54,1643
987,2.0,0.0,sent,5.0,1648,1594,9,45,54,79
988,2.0,0.0,sent,5.0,1648,1594,9,45,54,506
989,1.0,0.0,sent,5.0,1648,1594,9,45,54,1499
990,2.0,0.0,sent,5.0,1648,1594,9,45,54,247
991,2.0,0.0,sent,5.0,1648,1594,9,45,54,1027
992,2.0,0.0,sent,5.0,1648,1594,9,45,54,401
993,2.0,0.0,sent,5.0,1648,1594,9,45,54,1132
994,2.0,0.0,sent,5.0,1648,1594,9,45,54,808
995,2.0,0.0,sent,5.0,1648,1594,9,45,54,1051
996,3.0,0.0,sent,5.0,1648,1594,9,45,54,187
997,3.0,0.0,sent,5.0,1648,1594,9,45,54,197
998,2.0,0.0,sent,5.0,1648,1594,9,45,54,767
999,2.0,0.0,sent,5.0,1648,1594,9,45,54,311
1000,2.0,0.0,sent,5.0,1648,1594,9,45,54,350
1001,3.0,0.0,sent,5.0,1648,1594,9,45,54,1024
1002,2.0,0.0,sent,5.0,1648,1594,9,45,54,935
1003,2.0,0.0,sent,5.0,1648,1594,9,45,54,657
1004,2.0,0.0,sent,5.0,1648,1594,9,45,54,223
1005,2.0,0.0,sent,5.0,1648,1594,9,45,54,76
1006,2.0,0.0,sent,5.0,1648,1594,9,45,54,1175
1007,2.0,0.0,sent,5.0,1648,1594,9,45,54,1154
1008,2.0,0.0,sent,5.0,1648,1594,9,45,54,1258
1009,2.0,0.0,sent,5.0,1648,1594,9,45,54,1080
1010,2.0,0.0,sent,5.0,1648,1594,9,45,54,240
1011,3.0,0.0,sent,5.0,1648,1594,9,45,54,278
1012,2.0,0.0,sent,5.0,1648,1594,9,45,54,1565
1013,2.0,0.0,sent,5.0,1648,1594,9,45,54,1625
1014,2.0,0.0,sent,5.0,1648,1594,9,45,54,1439
1015,2.0,0.0,sent,5.0,1648,1594,9,45,54,640
1016,4.0,0.0,sent,5.0,1648,1594,9,45,54,1590
1017,2.0,0.0,sent,5.0,1648,1594,9,45,54,1454
1018,1.0,0.0,sent,5.0,1648,1594,9,45,54,532
1019,2.0,0.0,sent,5.0,1648,1594,9,45,54,1672
1020,2.0,0.0,sent,5.0,1648,1594,9,45,54,1262
1021,2.0,0.0,sent,5.0,1648,1594,9,45,54,996
1022,2.0,0.0,sent,5.0,1648,1594,9,45,54,35
1023,2.0,0.0,sent,5.0,1648,1594,9,45,54,841
1024,3.0,0.0,sent,5.0,1648,1594,9,45,54,730
1025,2.0,0.0,sent,5.0,1648,1594,9,45,54,1612
1026,2.0,0.0,sent,5.0,1648,1594,9,45,54,758
1027,2.0,0.0,sent,5.0,1648,1594,9,45,54,571
1028,3.0,0.0,sent,5.0,1648,1594,9,45,54,1217
1029,3.0,0.0,sent,5.0,1648,1594,9,45,54,403
1030,2.0,0.0,sent,5.0,1648,1594,9,45,54,122
1031,2.0,0.0,sent,5.0,1648,1594,9,45,54,503
1032,2.0,0.0,sent,5.0,1648,1594,9,45,54,804
1033,2.0,0.0,sent,5.0,1648,1594,9,45,54,491
1034,2.0,0.0,sent,5.0,1648,1594,9,45,54,299
1035,2.0,0.0,sent,5.0,1648,1594,9,45,54,509
1036,2.0,0.0,sent,5.0,1648,1594,9,45,54,1381
1037,2.0,0.0,sent,5.0,1648,1594,9,45,54,1079
1038,2.0,0.0,sent,5.0,1648,1594,9,45,54,324
1039,3.0,0.0,sent,5.0,1648,1594,9,45,54,106
1040,2.0,0.0,sent,5.0,1648,1594,9,45,54,721
1041,2.0,0.0,sent,5.0,1648,1594,9,45,54,1363
1042,2.0,0.0,sent,5.0,1648,1594,9,45,54,1671
1043,3.0,0.0,sent,5.0,1648,1594,9,45,54,598
1044,2.0,0.0,sent,5.0,1648,1594,9,45,54,449
1045,2.0,0.0,sent,5.0,1648,1594,9,45,54,448
1046,2.0,0.0,sent,5.0,1648,1594,9,45,54,31
1047,2.0,0.0,sent,5.0,1648,1594,9,45,54,104
1048,4.0,0.0,sent,5.0,1648,1594,9,45,54,353
1049,2.0,0.0,sent,5.0,1648,1594,9,45,54,728
1050,2.0,0.0,sent,5.0,1648,1594,9,45,54,131
1051,2.0,0.0,sent,5.0,1648,1594,9,45,54,60
1052,2.0,0.0,sent,5.0,1648,1594,9,45,54,870
1053,2.0,0.0,sent,5.0,1648,1594,9,45,54,608
1054,2.0,0.0,sent,5.0,1648,1594,9,45,54,186
1055,3.0,0.0,sent,5.0,1648,1594,9,45,54,193
1056,3.0,0.0,sent,5.0,1648,1594,9,45,54,1423
1057,3.0,0.0,sent,5.0,1648,1594,9,45,54,227
1058,2.0,0.0,sent,5.0,1648,1594,9,45,54,659
1059,3.0,0.0,sent,5.0,1648,1594,9,45,54,396
1060,3.0,0.0,sent,5.0,1648,1594,9,45,54,420
1061,2.0,0.0,sent,5.0,1648,1594,9,45,54,943
1062,3.0,0.0,sent,5.0,1648,1594,9,45,54,990
1063,2.0,0.0,sent,5.0,1648,1594,9,45,54,1640
1064,2.0,0.0,sent,5.0,1648,1594,9,45,54,374
1065,2.0,0.0,sent,5.0,1648,1594,9,45,54,461
1066,2.0,0.0,sent,5.0,1648,1594,9,45,54,997
1067,3.0,0.0,sent,5.0,1648,1594,9,45,54,1066
1068,2.0,0.0,sent,5.0,1648,1594,9,45,54,72
1069,2.0,0.0,sent,5.0,1648,1594,9,45,54,407
1070,2.0,0.0,sent,5.0,1648,1594,9,45,54,1678
1071,2.0,0.0,sent,5.0,1648,1594,9,45,54,415
1072,2.0,0.0,sent,5.0,1648,1594,9,45,54,855
1073,2.0,0.0,sent,5.0,1648,1594,9,45,54,805
1074,2.0,0.0,sent,5.0,1648,1594,9,45,54,510
1075,2.0,0.0,sent,5.0,1648,1594,9,45,54,332
1076,2.0,0.0,sent,5.0,1648,1594,9,45,54,1257
1077,2.0,0.0,sent,5.0,1648,1594,9,45,54,1651
1078,2.0,0.0,sent,5.0,1648,1594,9,45,54,1097
1079,2.0,0.0,sent,5.0,1648,1594,9,45,54,336
1080,2.0,0.0,sent,5.0,1648,1594,9,45,54,800
1081,2.0,0.0,sent,5.0,1648,1594,9,45,54,1265
1082,3.0,0.0,sent,5.0,1648,1594,9,45,54,1632
1083,2.0,0.0,sent,5.0,1648,1594,9,45,54,706
1084,2.0,0.0,sent,5.0,1648,1594,9,45,54,1253
1085,2.0,0.0,sent,5.0,1648,1594,9,45,54,838
1086,2.0,0.0,sent,5.0,1648,1594,9,45,54,136
1087,2.0,0.0,sent,5.0,1648,1594,9,45,54,1661
1088,2.0,0.0,sent,5.0,1648,1594,9,45,54,7
1089,2.0,0.0,sent,5.0,1648,1594,9,45,54,967
1090,2.0,0.0,sent,5.0,1648,1594,9,45,54,1303
1091,4.0,0.0,sent,5.0,1648,1594,9,45,54,1686
1092,2.0,0.0,sent,5.0,1648,1594,9,45,54,1516
1093,2.0,0.0,sent,5.0,1648,1594,9,45,54,655
1094,2.0,0.0,sent,5.0,1648,1594,9,45,54,610
1095,2.0,0.0,sent,5.0,1648,1594,9,45,54,860
1096,4.0,0.0,sent,5.0,1648,1594,9,45,54,1322
1097,2.0,0.0,sent,5.0,1648,1594,9,45,54,1448
1098,3.0,0.0,sent,5.0,1648,1594,9,45,54,384
1099,2.0,0.0,sent,5.0,1648,1594,9,45,54,1404
1100,2.0,0.0,sent,5.0,1648,1594,9,45,54,239
1101,2.0,0.0,sent,5.0,1648,1594,9,45,54,1682
1102,2.0,0.0,sent,5.0,1648,1594,9,45,54,1621
1103,2.0,0.0,sent,5.0,1648,1594,9,45,54,1584
1104,2.0,0.0,sent,5.0,1648,1594,9,45,54,565
1105,2.0,0.0,sent,5.0,1648,1594,9,45,54,1471
1106,2.0,0.0,sent,5.0,1648,1594,9,45,54,932
1107,2.0,0.0,sent,5.0,1648,1594,9,45,54,987
1108,2.0,0.0,sent,5.0,1648,1594,9,45,54,1352
1109,3.0,0.0,sent,5.0,1648,1594,9,45,54,956
1110,2.0,0.0,sent,5.0,1648,1594,9,45,54,163
1111,2.0,0.0,sent,5.0,1648,1594,9,45,54,908
1112,2.0,0.0,sent,5.0,1648,1594,9,45,54,269
1113,4.0,0.0,sent,5.0,1648,1594,9,45,54,1299
1114,2.0,0.0,sent,5.0,1648,1594,9,45,54,1384
1115,2.0,0.0,sent,5.0,1648,1594,9,45,54,333
1116,2.0,0.0,sent,5.0,1648,1594,9,45,54,1048
1117,2.0,0.0,sent,5.0,1648,1594,9,45,54,959
1118,2.0,0.0,sent,5.0,1648,1594,9,45,54,1129
1119,2.0,0.0,sent,5.0,1648,1594,9,45,54,616
1120,2.0,0.0,sent,5.0,1648,1594,9,45,54,175
1121,2.0,0.0,sent,5.0,1648,1594,9,45,54,833
1122,3.0,0.0,sent,5.0,1648,1594,9,45,54,1149
1123,2.0,0.0,sent,5.0,1648,1594,9,45,54,252
1124,2.0,0.0,sent,5.0,1648,1594,9,45,54,958
1125,2.0,0.0,sent,5.0,1648,1594,9,45,54,752
1126,2.0,0.0,sent,5.0,1648,1594,9,45,54,152
1127,2.0,0.0,sent,5.0,1648,1594,9,45,54,1644
1128,2.0,0.0,sent,5.0,1648,1594,9,45,54,513
1129,2.0,0.0,sent,5.0,1648,1594,9,45,54,477
1130,2.0,0.0,sent,5.0,1648,1594,9,45,54,620
1131,2.0,0.0,sent,5.0,1648,1594,9,45,54,392
1132,2.0,0.0,sent,5.0,1648,1594,9,45,54,264
1133,2.0,0.0,sent,5.0,1648,1594,9,45,54,402
1134,2.0,0.0,sent,5.0,1648,1594,9,45,54,1486
1135,2.0,0.0,sent,5.0,1648,1594,9,45,54,583
1136,2.0,0.0,sent,5.0,1648,1594,9,45,54,1150
1137,2.0,0.0,sent,5.0,1648,1594,9,45,54,1056
1138,2.0,0.0,sent,5.0,1648,1594,9,45,54,502
1139,3.0,0.0,sent,5.0,1648,1594,9,45,54,760
1140,2.0,0.0,sent,5.0,1648,1594,9,45,54,985
1141,2.0,0.0,sent,5.0,1648,1594,9,45,54,210
1142,2.0,0.0,sent,5.0,1648,1594,9,45,54,1275
1143,2.0,0.0,sent,5.0,1648,1594,9,45,54,176
1144,2.0,0.0,sent,5.0,1648,1594,9,45,54,83
1145,2.0,0.0,sent,5.0,1648,1594,9,45,54,563
1146,2.0,0.0,sent,5.0,1648,1594,9,45,54,1622
1147,2.0,0.0,sent,5.0,1648,1594,9,45,54,1566
1148,2.0,0.0,sent,5.0,1648,1594,9,45,54,337
1149,2.0,0.0,sent,5.0,1648,1594,9,45,54,794
1150,2.0,0.0,sent,5.0,1648,1594,9,45,54,787
1151,2.0,0.0,sent,5.0,1648,1594,9,45,54,1399
1152,2.0,0.0,sent,5.0,1648,1594,9,45,54,1211
1153,2.0,0.0,sent,5.0,1648,1594,9,45,54,1293
1154,2.0,0.0,sent,5.0,1648,1594,9,45,54,1495
1155,2.0,0.0,sent,5.0,1648,1594,9,45,54,1418
1156,2.0,0.0,sent,5.0,1648,1594,9,45,54,36
1157,2.0,0.0,sent,5.0,1648,1594,9,45,54,1580
1158,2.0,0.0,sent,5.0,1648,1594,9,45,54,938
1159,2.0,0.0,sent,5.0,1648,1594,9,45,54,226
1160,2.0,0.0,sent,5.0,1648,1594,9,45,54,284
1161,2.0,0.0,sent,5.0,1648,1594,9,45,54,1251
1162,2.0,0.0,sent,5.0,1648,1594,9,45,54,57
1163,2.0,0.0,sent,5.0,1648,1594,9,45,54,979
1164,2.0,0.0,sent,5.0,1648,1594,9,45,54,596
1165,2.0,0.0,sent,5.0,1648,1594,9,45,54,250
1166,2.0,0.0,sent,5.0,1648,1594,9,45,54,471
1167,2.0,0.0,sent,5.0,1648,1594,9,45,54,478
1168,3.0,0.0,sent,5.0,1648,1594,9,45,54,1387
1169,2.0,0.0,sent,5.0,1648,1594,9,45,54,1246
1170,2.0,0.0,sent,5.0,1648,1594,9,45,54,17
1171,2.0,0.0,sent,5.0,1648,1594,9,45,54,494
1172,2.0,0.0,sent,5.0,1648,1594,9,45,54,1047
1173,2.0,0.0,sent,5.0,1648,1594,9,45,54,1388
1174,2.0,0.0,sent,5.0,1648,1594,9,45,54,467
1175,3.0,0.0,sent,5.0,1648,1594,9,45,54,910
1176,2.0,0.0,sent,5.0,1648,1594,9,45,54,1339
1177,2.0,0.0,sent,5.0,1648,1594,9,45,54,174
1178,2.0,0.0,sent,5.0,1648,1594,9,45,54,1481
1179,2.0,0.0,sent,5.0,1648,1594,9,45,54,55
1180,2.0,0.0,sent,5.0,1648,1594,9,45,54,1597
1181,2.0,0.0,sent,5.0,1648,1594,9,45,54,680
1182,2.0,0.0,sent,5.0,1648,1594,9,45,54,93
1183,2.0,0.0,sent,5.0,1648,1594,9,45,54,1507
1184,2.0,0.0,sent,5.0,1648,1594,9,45,54,1059
1185,2.0,0.0,sent,5.0,1648,1594,9,45,54,1574
1186,2.0,0.0,sent,5.0,1648,1594,9,45,54,355
1187,2.0,0.0,sent,5.0,1648,1594,9,45,54,1090
1188,2.0,0.0,sent,5.0,1648,1594,9,45,54,1226
1189,2.0,0.0,sent,5.0,1648,1594,9,45,54,272
1190,2.0,0.0,sent,5.0,1648,1594,9,45,54,52
1191,2.0,0.0,sent,5.0,1648,1594,9,45,54,216
1192,2.0,0.0,sent,5.0,1648,1594,9,45,54,143
1193,2.0,0.0,sent,5.0,1648,1594,9,45,54,957
1194,2.0,0.0,sent,5.0,1648,1594,9,45,54,204
1195,2.0,0.0,sent,5.0,1648,1594,9,45,54,398
1196,2.0,0.0,sent,5.0,1648,1594,9,45,54,91
1197,2.0,0.0,sent,5.0,1648,1594,9,45,54,1270
1198,2.0,0.0,sent,5.0,1648,1594,9,45,54,1307
1199,2.0,0.0,sent,5.0,1648,1594,9,45,54,164
1200,2.0,0.0,sent,5.0,1648,1594,9,45,54,1480
1201,2.0,0.0,sent,5.0,1648,1594,9,45,54,1218
1202,2.0,0.0,sent,5.0,1648,1594,9,45,54,772
1203,2.0,0.0,sent,5.0,1648,1594,9,45,54,780
1204,3.0,0.0,sent,5.0,1648,1594,9,45,54,149
1205,2.0,0.0,sent,5.0,1648,1594,9,45,54,1355
1206,2.0,0.0,sent,5.0,1648,1594,9,45,54,900
1207,2.0,0.0,sent,5.0,1648,1594,9,45,54,101
1208,2.0,0.0,sent,5.0,1648,1594,9,45,54,1373
1209,2.0,0.0,sent,5.0,1648,1594,9,45,54,1449
1210,2.0,0.0,sent,5.0,1648,1594,9,45,54,130
1211,2.0,0.0,sent,5.0,1648,1594,9,45,54,238
1212,4.0,0.0,sent,5.0,1648,1594,9,45,54,219
1213,2.0,0.0,sent,5.0,1648,1594,9,45,54,793
1214,3.0,0.0,sent,5.0,1648,1594,9,45,54,490
1215,3.0,0.0,sent,5.0,1648,1594,9,45,54,561
1216,2.0,0.0,sent,5.0,1648,1594,9,45,54,1518
1217,2.0,0.0,sent,5.0,1648,1594,9,45,54,753
1218,2.0,0.0,sent,5.0,1648,1594,9,45,54,413
1219,2.0,0.0,sent,5.0,1648,1594,9,45,54,1221
1220,2.0,0.0,sent,5.0,1648,1594,9,45,54,1089
1221,2.0,0.0,sent,5.0,1648,1594,9,45,54,1010
1222,2.0,0.0,sent,5.0,1648,1594,9,45,54,259
1223,1.0,0.0,sent,5.0,1648,1594,9,45,54,693
1224,2.0,0.0,sent,5.0,1648,1594,9,45,54,535
1225,1.0,0.0,sent,5.0,1648,1594,9,45,54,157
1226,2.0,0.0,sent,5.0,1648,1594,9,45,54,330
1227,2.0,0.0,sent,5.0,1648,1594,9,45,54,1025
1228,2.0,0.0,sent,5.0,1648,1594,9,45,54,656
1229,2.0,0.0,sent,5.0,1648,1594,9,45,54,1589
1230,2.0,0.0,sent,5.0,1648,1594,9,45,54,556
1231,2.0,0.0,sent,5.0,1648,1594,9,45,54,480
1232,2.0,0.0,sent,5.0,1648,1594,9,45,54,25
1233,2.0,0.0,sent,5.0,1648,1594,9,45,54,1444
1234,2.0,0.0,sent,5.0,1648,1594,9,45,54,1135
1235,2.0,0.0,sent,5.0,1648,1594,9,45,54,892
1236,3.0,0.0,sent,5.0,1648,1594,9,45,54,775
1237,2.0,0.0,sent,5.0,1648,1594,9,45,54,623
1238,2.0,0.0,sent,5.0,1648,1594,9,45,54,762
1239,2.0,0.0,sent,5.0,1648,1594,9,45,54,113
1240,2.0,0.0,sent,5.0,1648,1594,9,45,54,1077
1241,2.0,0.0,sent,5.0,1648,1594,9,45,54,1648
1242,2.0,0.0,sent,5.0,1648,1594,9,45,54,1611
1243,2.0,0.0,sent,5.0,1648,1594,9,45,54,738
1244,2.0,0.0,sent,5.0,1648,1594,9,45,54,198
1245,2.0,0.0,sent,5.0,1648,1594,9,45,54,969
1246,2.0,0.0,sent,5.0,1648,1594,9,45,54,1364
1247,2.0,0.0,sent,5.0,1648,1594,9,45,54,815
1248,2.0,0.0,sent,5.0,1648,1594,9,45,54,557
1249,2.0,0.0,sent,5.0,1648,1594,9,45,54,1626
1250,2.0,0.0,sent,5.0,1648,1594,9,45,54,1169
1251,2.0,0.0,sent,5.0,1648,1594,9,45,54,1354
1252,2.0,0.0,sent,5.0,1648,1594,9,45,54,1001
1253,2.0,0.0,sent,5.0,1648,1594,9,45,54,317
1254,2.0,0.0,sent,5.0,1648,1594,9,45,54,199
1255,3.0,0.0,sent,5.0,1648,1594,9,45,54,1164
1256,2.0,0.0,sent,5.0,1648,1594,9,45,54,132
1257,2.0,0.0,sent,5.0,1648,1594,9,45,54,64
1258,3.0,0.0,sent,5.0,1648,1594,9,45,54,213
1259,2.0,0.0,sent,5.0,1648,1594,9,45,54,612
1260,2.0,0.0,sent,5.0,1648,1594,9,45,54,292
1261,2.0,0.0,sent,5.0,1648,1594,9,45,54,917
1262,1.0,0.0,sent,5.0,1648,1594,9,45,54,667
1263,2.0,0.0,sent,5.0,1648,1594,9,45,54,951
1264,2.0,0.0,sent,5.0,1648,1594,9,45,54,534
1265,2.0,0.0,sent,5.0,1648,1594,9,45,54,373
1266,2.0,0.0,sent,5.0,1648,1594,9,45,54,1314
1267,2.0,0.0,sent,5.0,1648,1594,9,45,54,896
1268,2.0,0.0,sent,5.0,1648,1594,9,45,54,305
1269,2.0,0.0,sent,5.0,1648,1594,9,45,54,2
1270,2.0,0.0,sent,5.0,1648,1594,9,45,54,56
1271,2.0,0.0,sent,5.0,1648,1594,9,45,54,1288
1272,2.0,0.0,sent,5.0,1648,1594,9,45,54,4
1273,2.0,0.0,sent,5.0,1648,1594,9,45,54,614
1274,2.0,0.0,sent,5.0,1648,1594,9,45,54,1660
1275,2.0,0.0,sent,5.0,1648,1594,9,45,54,496
1276,1.0,0.0,sent,5.0,1648,1594,9,45,54,1385
1277,2.0,0.0,sent,5.0,1648,1594,9,45,54,578
1278,2.0,0.0,sent,5.0,1648,1594,9,45,54,1583
1279,2.0,0.0,sent,5.0,1648,1594,9,45,54,339
1280,2.0,0.0,sent,5.0,1648,1594,9,45,54,1263
1281,2.0,0.0,sent,5.0,1648,1594,9,45,54,1026
1282,2.0,0.0,sent,5.0,1648,1594,9,45,54,231
1283,2.0,0.0,sent,5.0,1648,1594,9,45,54,685
1284,2.0,0.0,sent,5.0,1648,1594,9,45,54,507
1285,2.0,0.0,sent,5.0,1648,1594,9,45,54,543
1286,2.0,0.0,sent,5.0,1648,1594,9,45,54,236
1287,2.0,0.0,sent,5.0,1648,1594,9,45,54,1336
1288,2.0,0.0,sent,5.0,1648,1594,9,45,54,566
1289,2.0,0.0,sent,5.0,1648,1594,9,45,54,1116
1290,2.0,0.0,sent,5.0,1648,1594,9,45,54,550
1291,2.0,0.0,sent,5.0,1648,1594,9,45,54,1367
1292,2.0,0.0,sent,5.0,1648,1594,9,45,54,146
1293,2.0,0.0,sent,5.0,1648,1594,9,45,54,515
1294,3.0,0.0,sent,5.0,1648,1594,9,45,54,718
1295,3.0,0.0,sent,5.0,1648,1594,9,45,54,1204
1296,2.0,0.0,sent,5.0,1648,1594,9,45,54,309
1297,2.0,0.0,sent,5.0,1648,1594,9,45,54,1503
1298,2.0,0.0,sent,5.0,1648,1594,9,45,54,673
1299,4.0,0.0,sent,5.0,1648,1594,9,45,54,445
1300,2.0,0.0,sent,5.0,1648,1594,9,45,54,766
1301,2.0,0.0,sent,5.0,1648,1594,9,45,54,559
1302,2.0,0.0,sent,5.0,1648,1594,9,45,54,638
1303,2.0,0.0,sent,5.0,1648,1594,9,45,54,711
1304,2.0,0.0,sent,5.0,1648,1594,9,45,54,921
1305,2.0,0.0,sent,5.0,1648,1594,9,45,54,1229
1306,2.0,0.0,sent,5.0,1648,1594,9,45,54,756
1307,2.0,0.0,sent,5.0,1648,1594,9,45,54,241
1308,2.0,0.0,sent,5.0,1648,1594,9,45,54,1488
1309,2.0,0.0,sent,5.0,1648,1594,9,45,54,179
1310,2.0,0.0,sent,5.0,1648,1594,9,45,54,1478
1311,2.0,0.0,sent,5.0,1648,1594,9,45,54,742
1312,4.0,0.0,sent,5.0,1648,1594,9,45,54,1545
1313,2.0,0.0,sent,5.0,1648,1594,9,45,54,637
1314,2.0,0.0,sent,5.0,1648,1594,9,45,54,189
1315,2.0,0.0,sent,5.0,1648,1594,9,45,54,568
1316,2.0,0.0,sent,5.0,1648,1594,9,45,54,1655
1317,2.0,0.0,sent,5.0,1648,1594,9,45,54,323
1318,2.0,0.0,sent,5.0,1648,1594,9,45,54,1312
1319,2.0,0.0,sent,5.0,1648,1594,9,45,54,99
1320,2.0,0.0,sent,5.0,1648,1594,9,45,54,137
1321,2.0,0.0,sent,5.0,1648,1594,9,45,54,1572
1322,4.0,0.0,sent,5.0,1648,1594,9,45,54,244
1323,2.0,0.0,sent,5.0,1648,1594,9,45,54,154
1324,2.0,0.0,sent,5.0,1648,1594,9,45,54,1016
1325,2.0,0.0,sent,5.0,1648,1594,9,45,54,1514
1326,2.0,0.0,sent,5.0,1648,1594,9,45,54,94
1327,2.0,0.0,sent,5.0,1648,1594,9,45,54,257
1328,2.0,0.0,sent,5.0,1648,1594,9,45,54,633
1329,2.0,0.0,sent,5.0,1648,1594,9,45,54,1380
1330,2.0,0.0,sent,5.0,1648,1594,9,45,54,375
1331,2.0,0.0,sent,5.0,1648,1594,9,45,54,840
1332,2.0,0.0,sent,5.0,1648,1594,9,45,54,45
1333,2.0,0.0,sent,5.0,1648,1594,9,45,54,516
1334,2.0,0.0,sent,5.0,1648,1594,9,45,54,483
1335,1.0,0.0,sent,5.0,1648,1594,9,45,54,12
1336,2.0,0.0,sent,5.0,1648,1594,9,45,54,1494
1337,3.0,0.0,sent,5.0,1648,1594,9,45,54,1356
1338,2.0,0.0,sent,5.0,1648,1594,9,45,54,877
1339,2.0,0.0,sent,5.0,1648,1594,9,45,54,508
1340,2.0,0.0,sent,5.0,1648,1594,9,45,54,1279
1341,2.0,0.0,sent,5.0,1648,1594,9,45,54,1142
1342,2.0,0.0,sent,5.0,1648,1594,9,45,54,85
1343,2.0,0.0,sent,5.0,1648,1594,9,45,54,1425
1344,2.0,0.0,sent,5.0,1648,1594,9,45,54,615
1345,2.0,0.0,sent,5.0,1648,1594,9,45,54,1617
1346,2.0,0.0,sent,5.0,1648,1594,9,45,54,172
1347,2.0,0.0,sent,5.0,1648,1594,9,45,54,202
1348,2.0,0.0,sent,5.0,1648,1594,9,45,54,1136
1349,2.0,0.0,sent,5.0,1648,1594,9,45,54,1511
1350,2.0,0.0,sent,5.0,1648,1594,9,45,54,1170
1351,2.0,0.0,sent,5.0,1648,1594,9,45,54,1599
1352,2.0,0.0,sent,5.0,1648,1594,9,45,54,809
1353,2.0,0.0,sent,5.0,1648,1594,9,45,54,717
1354,2.0,0.0,sent,5.0,1648,1594,9,45,54,650
1355,2.0,0.0,sent,5.0,1648,1594,9,45,54,1668
1356,2.0,0.0,sent,5.0,1648,1594,9,45,54,1455
1357,2.0,0.0,sent,5.0,1648,1594,9,45,54,1397
1358,2.0,0.0,sent,5.0,1648,1594,9,45,54,949
1359,2.0,0.0,sent,5.0,1648,1594,9,45,54,1256
1360,2.0,0.0,sent,5.0,1648,1594,9,45,54,359
1361,2.0,0.0,sent,5.0,1648,1594,9,45,54,1633
1362,2.0,0.0,sent,5.0,1648,1594,9,45,54,828
1363,2.0,0.0,sent,5.0,1648,1594,9,45,54,946
1364,2.0,0.0,sent,5.0,1648,1594,9,45,54,582
1365,2.0,0.0,sent,5.0,1648,1594,9,45,54,1087
1366,2.0,0.0,sent,5.0,1648,1594,9,45,54,144
1367,2.0,0.0,sent,5.0,1648,1594,9,45,54,1588
1368,2.0,0.0,sent,5.0,1648,1594,9,45,54,1561
1369,2.0,0.0,sent,5.0,1648,1594,9,45,54,635
1370,2.0,0.0,sent,5.0,1648,1594,9,45,54,1570
1371,2.0,0.0,sent,5.0,1648,1594,9,45,54,1685
1372,2.0,0.0,sent,5.0,1648,1594,9,45,54,1041
1373,2.0,0.0,sent,5.0,1648,1594,9,45,54,140
1374,2.0,0.0,sent,5.0,1648,1594,9,45,54,1628
1375,2.0,0.0,sent,5.0,1648,1594,9,45,54,153
1376,3.0,0.0,sent,5.0,1648,1594,9,45,54,1551
1377,4.0,0.0,sent,5.0,1648,1594,9,45,54,271
1378,2.0,0.0,sent,5.0,1648,1594,9,45,54,992
1379,2.0,0.0,sent,5.0,1648,1594,9,45,54,168
1380,2.0,0.0,sent,5.0,1648,1594,9,45,54,1447
1381,2.0,0.0,sent,5.0,1648,1594,9,45,54,1657
1382,2.0,0.0,sent,5.0,1648,1594,9,45,54,338
1383,2.0,0.0,sent,5.0,1648,1594,9,45,54,177
1384,4.0,0.0,sent,5.0,1648,1594,9,45,54,923
1385,2.0,0.0,sent,5.0,1648,1594,9,45,54,683
1386,2.0,0.0,sent,5.0,1648,1594,9,45,54,653
1387,2.0,0.0,sent,5.0,1648,1594,9,45,54,360
1388,2.0,0.0,sent,5.0,1648,1594,9,45,54,438
1389,2.0,0.0,sent,5.0,1648,1594,9,45,54,768
1390,2.0,0.0,sent,5.0,1648,1594,9,45,54,1446
1391,2.0,0.0,sent,5.0,1648,1594,9,45,54,1095
1392,2.0,0.0,sent,5.0,1648,1594,9,45,54,1199
1393,2.0,0.0,sent,5.0,1648,1594,9,45,54,1543
1394,2.0,0.0,sent,5.0,1648,1594,9,45,54,95
1395,2.0,0.0,sent,5.0,1648,1594,9,45,54,1271
1396,4.0,0.0,sent,5.0,1648,1594,9,45,54,1568
1397,2.0,0.0,sent,5.0,1648,1594,9,45,54,1068
1398,2.0,0.0,sent,5.0,1648,1594,9,45,54,1277
1399,2.0,0.0,sent,5.0,1648,1594,9,45,54,564
1400,2.0,0.0,sent,5.0,1648,1594,9,45,54,862
1401,2.0,0.0,sent,5.0,1648,1594,9,45,54,1670
1402,1.0,0.0,sent,5.0,1648,1594,9,45,54,254
1403,3.0,0.0,sent,5.0,1648,1594,9,45,54,1649
1404,2.0,0.0,sent,5.0,1648,1594,9,45,54,735
1405,2.0,0.0,sent,5.0,1648,1594,9,45,54,287
1406,2.0,0.0,sent,5.0,1648,1594,9,45,54,912
1407,2.0,0.0,sent,5.0,1648,1594,9,45,54,15
1408,2.0,0.0,sent,5.0,1648,1594,9,45,54,96
1409,2.0,0.0,sent,5.0,1648,1594,9,45,54,589
1410,2.0,0.0,sent,5.0,1648,1594,9,45,54,1029
1411,3.0,0.0,sent,5.0,1648,1594,9,45,54,100
1412,2.0,0.0,sent,5.0,1648,1594,9,45,54,1346
1413,2.0,0.0,sent,5.0,1648,1594,9,45,54,313
1414,2.0,0.0,sent,5.0,1648,1594,9,45,54,141
1415,2.0,0.0,sent,5.0,1648,1594,9,45,54,1280
1416,2.0,0.0,sent,5.0,1648,1594,9,45,54,46
1417,2.0,0.0,sent,5.0,1648,1594,9,45,54,386
1418,2.0,0.0,sent,5.0,1648,1594,9,45,54,452
1419,2.0,0.0,sent,5.0,1648,1594,9,45,54,1490
1420,2.0,0.0,sent,5.0,1648,1594,9,45,54,843
1421,2.0,0.0,sent,5.0,1648,1594,9,45,54,1645
1422,2.0,0.0,sent,5.0,1648,1594,9,45,54,1162
1423,2.0,0.0,sent,5.0,1648,1594,9,45,54,214
1424,2.0,0.0,sent,5.0,1648,1594,9,45,54,1340
1425,3.0,0.0,sent,5.0,1648,1594,9,45,54,882
1426,3.0,0.0,sent,5.0,1648,1594,9,45,54,117
1427,2.0,0.0,sent,5.0,1648,1594,9,45,54,1665
1428,2.0,0.0,sent,5.0,1648,1594,9,45,54,604
1429,2.0,0.0,sent,5.0,1648,1594,9,45,54,906
1430,2.0,0.0,sent,5.0,1648,1594,9,45,54,1126
1431,2.0,0.0,sent,5.0,1648,1594,9,45,54,1005
1432,2.0,0.0,sent,5.0,1648,1594,9,45,54,486
1433,2.0,0.0,sent,5.0,1648,1594,9,45,54,1393
1434,2.0,0.0,sent,5.0,1648,1594,9,45,54,592
1435,2.0,0.0,sent,5.0,1648,1594,9,45,54,1216
1436,2.0,0.0,sent,5.0,1648,1594,9,45,54,1037
1437,2.0,0.0,sent,5.0,1648,1594,9,45,54,1069
1438,2.0,0.0,sent,5.0,1648,1594,9,45,54,434
1439,2.0,0.0,sent,5.0,1648,1594,9,45,54,326
1440,2.0,0.0,sent,5.0,1648,1594,9,45,54,293
1441,2.0,0.0,sent,5.0,1648,1594,9,45,54,1014
1442,2.0,0.0,sent,5.0,1648,1594,9,45,54,346
1443,2.0,0.0,sent,5.0,1648,1594,9,45,54,716
1444,2.0,0.0,sent,5.0,1648,1594,9,45,54,1172
1445,2.0,0.0,sent,5.0,1648,1594,9,45,54,965
1446,2.0,0.0,sent,5.0,1648,1594,9,45,54,791
1447,2.0,0.0,sent,5.0,1648,1594,9,45,54,139
1448,3.0,0.0,sent,5.0,1648,1594,9,45,54,1017
1449,2.0,0.0,sent,5.0,1648,1594,9,45,54,1470
1450,2.0,0.0,sent,5.0,1648,1594,9,45,54,977
1451,2.0,0.0,sent,5.0,1648,1594,9,45,54,986
1452,3.0,0.0,sent,5.0,1648,1594,9,45,54,1238
1453,2.0,0.0,sent,5.0,1648,1594,9,45,54,48
1454,2.0,0.0,sent,5.0,1648,1594,9,45,54,796
1455,2.0,0.0,sent,5.0,1648,1594,9,45,54,279
1456,2.0,0.0,sent,5.0,1648,1594,9,45,54,1378
1457,2.0,0.0,sent,5.0,1648,1594,9,45,54,1139
1458,2.0,0.0,sent,5.0,1648,1594,9,45,54,848
1459,2.0,0.0,sent,5.0,1648,1594,9,45,54,266
1460,4.0,0.0,sent,5.0,1648,1594,9,45,54,1459
1461,2.0,0.0,sent,5.0,1648,1594,9,45,54,261
1462,2.0,0.0,sent,5.0,1648,1594,9,45,54,1554
1463,2.0,0.0,sent,5.0,1648,1594,9,45,54,727
1464,2.0,0.0,sent,5.0,1648,1594,9,45,54,626
1465,2.0,0.0,sent,5.0,1648,1594,9,45,54,898
1466,3.0,0.0,sent,5.0,1648,1594,9,45,54,294
1467,2.0,0.0,sent,5.0,1648,1594,9,45,54,1496
1468,2.0,0.0,sent,5.0,1648,1594,9,45,54,1043
1469,3.0,0.0,sent,5.0,1648,1594,9,45,54,1504
1470,2.0,0.0,sent,5.0,1648,1594,9,45,54,381
1471,2.0,0.0,sent,5.0,1648,1594,9,45,54,63
1472,2.0,0.0,sent,5.0,1648,1594,9,45,54,1
1473,2.0,0.0,sent,5.0,1648,1594,9,45,54,1151
1474,2.0,0.0,sent,5.0,1648,1594,9,45,54,802
1475,2.0,0.0,sent,5.0,1648,1594,9,45,54,842
1476,2.0,0.0,sent,5.0,1648,1594,9,45,54,942
1477,3.0,0.0,sent,5.0,1648,1594,9,45,54,876
1478,2.0,0.0,sent,5.0,1648,1594,9,45,54,87
1479,2.0,0.0,sent,5.0,1648,1594,9,45,54,1515
1480,2.0,0.0,sent,5.0,1648,1594,9,45,54,1078
1481,2.0,0.0,sent,5.0,1648,1594,9,45,54,1012
1482,4.0,0.0,sent,5.0,1648,1594,9,45,54,871
1483,2.0,0.0,sent,5.0,1648,1594,9,45,54,406
1484,2.0,0.0,sent,5.0,1648,1594,9,45,54,884
1485,2.0,0.0,sent,5.0,1648,1594,9,45,54,890
1486,2.0,0.0,sent,5.0,1648,1594,9,45,54,318
1487,2.0,0.0,sent,5.0,1648,1594,9,45,54,1168
1488,2.0,0.0,sent,5.0,1648,1594,9,45,54,939
1489,3.0,0.0,sent,5.0,1648,1594,9,45,54,33
1490,2.0,0.0,sent,5.0,1648,1594,9,45,54,712
1491,3.0,0.0,sent,5.0,1648,1594,9,45,54,745
1492,2.0,0.0,sent,5.0,1648,1594,9,45,54,1064
1493,2.0,0.0,sent,5.0,1648,1594,9,45,54,1389
1494,3.0,0.0,sent,5.0,1648,1594,9,45,54,84
1495,1.0,0.0,hard,5.0,1648,1594,9,45,54,1365
1496,1.0,0.0,hard,5.0,1648,1594,9,45,54,505
1497,1.0,0.0,hard,5.0,1648,1594,9,45,54,125
1498,1.0,0.0,hard,5.0,1648,1594,9,45,54,1348
1499,1.0,0.0,soft,5.0,1648,1594,9,45,54,1646
1500,1.0,0.0,hard,5.0,1648,1594,9,45,54,887
1501,1.0,0.0,hard,5.0,1648,1594,9,45,54,770
1502,1.0,0.0,hard,5.0,1648,1594,9,45,54,1054
1503,1.0,0.0,hard,5.0,1648,1594,9,45,54,1379
1504,1.0,0.0,hard,5.0,1648,1594,9,45,54,1560
1505,1.0,0.0,hard,5.0,1648,1594,9,45,54,298
1506,1.0,0.0,hard,5.0,1648,1594,9,45,54,426
1507,1.0,0.0,hard,5.0,1648,1594,9,45,54,1396
1508,2.0,0.0,soft,5.0,1648,1594,9,45,54,545
1509,1.0,0.0,soft,5.0,1648,1594,9,45,54,639
1510,1.0,0.0,hard,5.0,1648,1594,9,45,54,1563
1511,1.0,0.0,hard,5.0,1648,1594,9,45,54,77
1512,1.0,0.0,soft,5.0,1648,1594,9,45,54,102
1513,1.0,0.0,hard,5.0,1648,1594,9,45,54,1074
1514,1.0,0.0,hard,5.0,1648,1594,9,45,54,713
1515,1.0,0.0,hard,5.0,1648,1594,9,45,54,230
1516,1.0,0.0,hard,5.0,1648,1594,9,45,54,663
1517,1.0,0.0,hard,5.0,1648,1594,9,45,54,82
1518,1.0,0.0,hard,5.0,1648,1594,9,45,54,526
1519,1.0,0.0,hard,5.0,1648,1594,9,45,54,417
1520,1.0,0.0,soft,5.0,1648,1594,9,45,54,866
1521,1.0,0.0,soft,5.0,1648,1594,9,45,54,1006
1522,1.0,0.0,hard,5.0,1648,1594,9,45,54,170
1523,2.0,0.0,hard,5.0,1648,1594,9,45,54,1606
1524,1.0,0.0,hard,5.0,1648,1594,9,45,54,810
1525,1.0,0.0,hard,5.0,1648,1594,9,45,54,570
1526,1.0,0.0,hard,5.0,1648,1594,9,45,54,291
1527,1.0,0.0,hard,5.0,1648,1594,9,45,54,1345
1528,2.0,0.0,hard,5.0,1648,1594,9,45,54,1305
1529,1.0,0.0,soft,5.0,1648,1594,9,45,54,347
1530,1.0,0.0,hard,5.0,1648,1594,9,45,54,523
1531,1.0,0.0,hard,5.0,1648,1594,9,45,54,501
1532,1.0,0.0,hard,5.0,1648,1594,9,45,54,112
1533,1.0,0.0,hard,5.0,1648,1594,9,45,54,1178
1534,1.0,0.0,hard,5.0,1648,1594,9,45,54,1254
1535,1.0,0.0,hard,5.0,1648,1594,9,45,54,541
1536,1.0,0.0,soft,5.0,1648,1594,9,45,54,1424
1537,1.0,0.0,hard,5.0,1648,1594,9,45,54,62
1538,1.0,0.0,hard,5.0,1648,1594,9,45,54,861
1539,1.0,0.0,hard,5.0,1648,1594,9,45,54,597
1540,1.0,0.0,hard,5.0,1648,1594,9,45,54,454
1541,,0.0,,,,,,,,0
1542,,0.0,,,,,,,,9
1543,,0.0,,,,,,,,18
1544,,0.0,,,,,,,,34
1545,,0.0,,,,,,,,53
1546,,0.0,,,,,,,,74
1547,,0.0,,,,,,,,108
1548,,0.0,,,,,,,,109
1549,,0.0,,,,,,,,138
1550,,0.0,,,,,,,,156
1551,,0.0,,,,,,,,158
1552,,0.0,,,,,,,,166
1553,,0.0,,,,,,,,215
1554,,0.0,,,,,,,,222
1555,,0.0,,,,,,,,224
1556,,0.0,,,,,,,,233
1557,,0.0,,,,,,,,267
1558,,0.0,,,,,,,,315
1559,,0.0,,,,,,,,322
1560,,0.0,,,,,,,,327
1561,,0.0,,,,,,,,328
1562,,0.0,,,,,,,,348
1563,,0.0,,,,,,,,368
1564,,0.0,,,,,,,,376
1565,,0.0,,,,,,,,379
1566,,0.0,,,,,,,,385
1567,,0.0,,,,,,,,399
1568,,0.0,,,,,,,,404
1569,,0.0,,,,,,,,414
1570,,0.0,,,,,,,,418
1571,,0.0,,,,,,,,437
1572,,0.0,,,,,,,,468
1573,,0.0,,,,,,,,495
1574,,0.0,,,,,,,,499
1575,,0.0,,,,,,,,504
1576,,0.0,,,,,,,,517
1577,,0.0,,,,,,,,527
1578,,0.0,,,,,,,,533
1579,,0.0,,,,,,,,536
1580,,0.0,,,,,,,,539
1581,,0.0,,,,,,,,552
1582,,0.0,,,,,,,,562
1583,,0.0,,,,,,,,579
1584,,0.0,,,,,,,,581
1585,,0.0,,,,,,,,587
1586,,0.0,,,,,,,,588
1587,,0.0,,,,,,,,593
1588,,0.0,,,,,,,,600
1589,,0.0,,,,,,,,602
1590,,0.0,,,,,,,,605
1591,,0.0,,,,,,,,607
1592,,0.0,,,,,,,,636
1593,,0.0,,,,,,,,648
1594,,0.0,,,,,,,,669
1595,,0.0,,,,,,,,672
1596,,0.0,,,,,,,,678
1597,,0.0,,,,,,,,689
1598,,0.0,,,,,,,,709
1599,,0.0,,,,,,,,715
1600,,0.0,,,,,,,,720
1601,,0.0,,,,,,,,733
1602,,0.0,,,,,,,,734
1603,,0.0,,,,,,,,744
1604,,0.0,,,,,,,,746
1605,,0.0,,,,,,,,748
1606,,0.0,,,,,,,,759
1607,,0.0,,,,,,,,777
1608,,0.0,,,,,,,,778
1609,,0.0,,,,,,,,782
1610,,0.0,,,,,,,,784
1611,,0.0,,,,,,,,814
1612,,0.0,,,,,,,,816
1613,,0.0,,,,,,,,827
1614,,0.0,,,,,,,,835
1615,,0.0,,,,,,,,846
1616,,0.0,,,,,,,,850
1617,,0.0,,,,,,,,854
1618,,0.0,,,,,,,,864
1619,,0.0,,,,,,,,901
1620,,0.0,,,,,,,,913
1621,,0.0,,,,,,,,919
1622,,0.0,,,,,,,,940
1623,,0.0,,,,,,,,963
1624,,0.0,,,,,,,,975
1625,,0.0,,,,,,,,978
1626,,0.0,,,,,,,,981
1627,,0.0,,,,,,,,984
1628,,0.0,,,,,,,,1000
1629,,0.0,,,,,,,,1031
1630,,0.0,,,,,,,,1032
1631,,0.0,,,,,,,,1036
1632,,0.0,,,,,,,,1038
1633,,0.0,,,,,,,,1039
1634,,0.0,,,,,,,,1061
1635,,0.0,,,,,,,,1067
1636,,0.0,,,,,,,,1073
1637,,0.0,,,,,,,,1088
1638,,0.0,,,,,,,,1091
1639,,0.0,,,,,,,,1092
1640,,0.0,,,,,,,,1102
1641,,0.0,,,,,,,,1113
1642,,0.0,,,,,,,,1133
1643,,0.0,,,,,,,,1134
1644,,0.0,,,,,,,,1137
1645,,0.0,,,,,,,,1147
1646,,0.0,,,,,,,,1183
1647,,0.0,,,,,,,,1186
1648,,0.0,,,,,,,,1189
1649,,0.0,,,,,,,,1196
1650,,0.0,,,,,,,,1197
1651,,0.0,,,,,,,,1200
1652,,0.0,,,,,,,,1215
1653,,0.0,,,,,,,,1219
1654,,0.0,,,,,,,,1230
1655,,0.0,,,,,,,,1248
1656,,0.0,,,,,,,,1261
1657,,0.0,,,,,,,,1272
1658,,0.0,,,,,,,,1292
1659,,0.0,,,,,,,,1298
1660,,0.0,,,,,,,,1311
1661,,0.0,,,,,,,,1323
1662,,0.0,,,,,,,,1328
1663,,0.0,,,,,,,,1334
1664,,0.0,,,,,,,,1351
1665,,0.0,,,,,,,,1391
1666,,0.0,,,,,,,,1395
1667,,0.0,,,,,,,,1407
1668,,0.0,,,,,,,,1409
1669,,0.0,,,,,,,,1427
1670,,0.0,,,,,,,,1445
1671,,0.0,,,,,,,,1453
1672,,0.0,,,,,,,,1456
1673,,0.0,,,,,,,,1458
1674,,0.0,,,,,,,,1487
1675,,0.0,,,,,,,,1493
1676,,0.0,,,,,,,,1501
1677,,0.0,,,,,,,,1509
1678,,0.0,,,,,,,,1522
1679,,0.0,,,,,,,,1534
1680,,0.0,,,,,,,,1553
1681,,0.0,,,,,,,,1555
1682,,0.0,,,,,,,,1573
1683,,0.0,,,,,,,,1576
1684,,0.0,,,,,,,,1581
1685,,0.0,,,,,,,,1593
1686,,0.0,,,,,,,,1600
1687,,0.0,,,,,,,,1607
1688,,0.0,,,,,,,,1615
1689,,0.0,,,,,,,,1623
1690,,0.0,,,,,,,,1641
1691,,0.0,,,,,,,,1652
1692,,0.0,,,,,,,,1680
1693,,0.0,,,,,,,,1688
1694,,0.0,,,,,,,,1690
